t_s,x
0.000000,-0.07053830
0.100000,-0.24237094
0.200000,0.03148971
0.300000,0.05743080
0.400000,-0.36946990
0.500000,-0.27003028
0.600000,-0.06480478
0.700000,-0.10915228
0.800000,-0.06839622
0.900000,-0.18446361
1.000000,0.04643930
1.100000,0.04657605
1.200000,-0.04250297
1.300000,0.11709661
1.400000,0.02490208
1.500000,-0.16735601
1.600000,0.00919708
1.700000,-0.18332246
1.800000,0.08263391
1.900000,-0.06386761
2.000000,-0.07052476
2.100000,-0.13317894
2.200000,0.14392518
2.300000,-0.07137836
2.400000,-0.12013527
2.500000,-0.09985445
2.600000,0.02087214
2.700000,0.00018293
2.800000,0.01629837
2.900000,0.01801268
3.000000,0.28681744
3.100000,-0.09898368
3.200000,-0.11736410
3.300000,-0.17426056
3.400000,0.05246840
3.500000,0.12027908
3.600000,-0.06190162
3.700000,-0.17162877
3.800000,-0.18185087
3.900000,0.03216099
4.000000,0.06271466
4.100000,0.03517957
4.200000,-0.15816983
4.300000,-0.01979524
4.400000,-0.03880993
4.500000,0.01799904
4.600000,0.11939155
4.700000,0.01770907
4.800000,0.10310711
4.900000,-0.01062550
5.000000,0.02379739
5.100000,0.09911586
5.200000,-0.21548514
5.300000,-0.06560206
5.400000,-0.09289829
5.500000,-0.10065986
5.600000,-0.04152668
5.700000,0.21397958
5.800000,-0.14829920
5.900000,0.12016082
6.000000,-0.27311702
6.100000,-0.05480096
6.200000,0.03253383
6.300000,0.10158637
6.400000,0.10441727
6.500000,0.10086018
6.600000,-0.06399165
6.700000,-0.09712131
6.800000,0.09828104
6.900000,-0.05540119
7.000000,-0.23164961
7.100000,-0.22252090
7.200000,-0.19151511
7.300000,0.02708065
7.400000,-0.01333138
7.500000,0.07622221
7.600000,-0.09049461
7.700000,-0.01152010
7.800000,0.04574662
7.900000,-0.10056444
8.000000,0.01933305
8.100000,-0.14437264
8.200000,-0.12468065
8.300000,-0.13685138
8.400000,-0.24445256
8.500000,0.00897984
8.600000,-0.15142049
8.700000,-0.05080616
8.800000,0.01914442
8.900000,0.01868410
9.000000,0.05636649
9.100000,-0.06256525
9.200000,-0.11995805
9.300000,-0.04290094
9.400000,-0.27194490
9.500000,-0.22598836
9.600000,-0.20035096
9.700000,-0.16351285
9.800000,0.06143067
9.900000,-0.14441492
10.000000,-0.06185800
10.100000,0.15013795
10.200000,-0.12261620
10.300000,0.04533023
10.400000,-0.21498895
10.500000,-0.12957194
10.600000,-0.23471230
10.700000,-0.11756299
10.800000,0.07607292
10.900000,-0.31209918
11.000000,0.01232857
11.100000,-0.00646216
11.200000,-0.11771946
11.300000,-0.24956807
11.400000,-0.02136983
11.500000,-0.10794579
11.600000,0.01308607
11.700000,-0.02007446
11.800000,0.21553353
11.900000,-0.04401866
12.000000,-0.14706569
12.100000,0.03913920
12.200000,0.06593667
12.300000,0.23223795
12.400000,0.17316219
12.500000,0.10799634
12.600000,0.31327343
12.700000,-0.09878624
12.800000,-0.02464666
12.900000,-0.06258475
13.000000,0.02275698
13.100000,-0.10181280
13.200000,0.19200227
13.300000,0.07431524
13.400000,-0.09896274
13.500000,-0.02216288
13.600000,0.16572910
13.700000,0.26137411
13.800000,0.44997666
13.900000,0.59480141
14.000000,0.22239563
14.100000,0.01457679
14.200000,-0.15768426
14.300000,0.21002882
14.400000,0.04836455
14.500000,0.09787983
14.600000,0.05584580
14.700000,0.11757725
14.800000,0.30131851
14.900000,0.16471529
15.000000,0.12000690
15.100000,-0.00547618
15.200000,-0.10879841
15.300000,0.08710577
15.400000,0.14883204
15.500000,0.41694779
15.600000,0.17714811
15.700000,0.28303974
15.800000,0.05130806
15.900000,-0.03970629
16.000000,-0.02752130
16.100000,0.02193319
16.200000,0.46818120
16.300000,0.02132927
16.400000,0.27387241
16.500000,0.02614900
16.600000,0.29578256
16.700000,0.22426256
16.800000,0.13503044
16.900000,0.14674052
17.000000,0.04510471
17.100000,0.21440546
17.200000,0.09320273
17.300000,-0.02453996
17.400000,-0.04758473
17.500000,0.15706162
17.600000,0.37283231
17.700000,0.18215676
17.800000,0.14514697
17.900000,0.20123388
18.000000,0.36351443
18.100000,0.19770756
18.200000,0.09868168
18.300000,0.31482256
18.400000,0.23015410
18.500000,0.36579354
18.600000,0.17254962
18.700000,-0.04411084
18.800000,-0.07052846
18.900000,0.40270240
19.000000,0.40510349
19.100000,0.11152492
19.200000,0.07946997
19.300000,0.36119089
19.400000,-0.02932488
19.500000,-0.01630339
19.600000,0.20407631
19.700000,0.06382252
19.800000,0.12320233
19.900000,0.10492723
20.000000,0.17700279
20.100000,0.34963491
20.200000,0.17229120
20.300000,0.25309599
20.400000,-0.15628109
20.500000,0.15715068
20.600000,0.02936557
20.700000,-0.03404858
20.800000,0.01723349
20.900000,0.09890107
21.000000,0.28958030
21.100000,-0.02160396
21.200000,0.18604465
21.300000,0.08034787
21.400000,0.10779790
21.500000,0.30787710
21.600000,0.23876214
21.700000,0.36166591
21.800000,0.13759621
21.900000,0.05580932
22.000000,0.13403842
22.100000,0.19754679
22.200000,0.17634604
22.300000,0.02354720
22.400000,0.19124859
22.500000,0.21317109
22.600000,0.53867002
22.700000,0.44403323
22.800000,0.02338133
22.900000,0.10301065
23.000000,-0.06079737
23.100000,0.07583700
23.200000,0.21866471
23.300000,0.33100755
23.400000,0.06286967
23.500000,0.05986770
23.600000,-0.14570095
23.700000,0.16431104
23.800000,0.03633676
23.900000,0.10608319
24.000000,0.05584906
24.100000,0.16764774
24.200000,-0.08146366
24.300000,-0.04079966
24.400000,0.47424087
24.500000,-0.02473817
24.600000,0.00294409
24.700000,0.43724135
24.800000,0.59080047
24.900000,-0.01633308
25.000000,0.09349949
25.100000,0.17296806
25.200000,0.38598493
25.300000,-0.01505904
25.400000,0.09384226
25.500000,0.23351974
25.600000,0.18326124
25.700000,0.04410853
25.800000,0.06819173
25.900000,-0.12691757
26.000000,0.05377801
26.100000,0.04525462
26.200000,0.11472383
26.300000,0.02011557
26.400000,0.17843498
26.500000,0.26373951
26.600000,0.13077013
26.700000,0.15312273
26.800000,0.08215569
26.900000,0.08587994
27.000000,-0.01692671
27.100000,0.13669114
27.200000,0.07303729
27.300000,0.41049926
27.400000,0.31393073
27.500000,0.12878590
27.600000,-0.05712530
27.700000,-0.08821033
27.800000,0.26789070
27.900000,0.10225933
28.000000,0.11676332
28.100000,-0.21847424
28.200000,0.17672015
28.300000,0.08993484
28.400000,-0.12139567
28.500000,-0.02174931
28.600000,0.09429479
28.700000,0.05436305
28.800000,0.01139464
28.900000,0.03519189
29.000000,0.00957840
29.100000,0.07765141
29.200000,0.25600286
29.300000,-0.33049537
29.400000,0.02122453
29.500000,0.09866026
29.600000,0.10373746
29.700000,-0.00746681
29.800000,-0.22907069
29.900000,0.08670047
30.000000,0.29745548
30.100000,-0.21723920
30.200000,0.13030538
30.300000,-0.06368676
30.400000,-0.02412844
30.500000,-0.17839160
30.600000,-0.07879254
30.700000,0.18500765
30.800000,0.07647134
30.900000,0.26422031
31.000000,0.17464633
31.100000,0.06689486
31.200000,0.26201633
31.300000,0.04596365
31.400000,0.12151297
31.500000,-0.04873275
31.600000,0.01475179
31.700000,-0.10880800
31.800000,0.14232503
31.900000,-0.19320033
32.000000,0.11578974
32.100000,-0.02636355
32.200000,0.18238581
32.300000,0.13568730
32.400000,0.31008998
32.500000,0.15585337
32.600000,-0.20656960
32.700000,0.01090531
32.800000,-0.16683945
32.900000,-0.05998995
33.000000,0.24654412
33.100000,0.09886378
33.200000,-0.10381079
33.300000,-0.16889818
33.400000,-0.01250114
33.500000,-0.21970694
33.600000,-0.13148803
33.700000,0.02057998
33.800000,0.17003075
33.900000,0.09828264
34.000000,-0.34173998
34.100000,0.05748530
34.200000,0.00592336
34.300000,0.04571220
34.400000,0.23011782
34.500000,-0.34763837
34.600000,-0.12720408
34.700000,0.03791423
34.800000,-0.28668520
34.900000,0.15907348
35.000000,-0.00191440
35.100000,0.07011163
35.200000,-0.12565312
35.300000,0.08219379
35.400000,0.11123626
35.500000,-0.01700540
35.600000,-0.03284781
35.700000,-0.02252281
35.800000,-0.18543788
35.900000,-0.04837504
36.000000,-0.05652615
36.100000,0.02070777
36.200000,0.10632323
36.300000,-0.19982546
36.400000,-0.05515611
36.500000,0.18523308
36.600000,-0.13542758
36.700000,-0.15457060
36.800000,0.01100692
36.900000,0.11384074
37.000000,-0.01118749
37.100000,0.18272345
37.200000,0.14107848
37.300000,0.12908829
37.400000,0.08956795
37.500000,0.34665581
37.600000,-0.01177896
37.700000,-0.27083113
37.800000,0.26225517
37.900000,-0.04082676
38.000000,0.04716257
38.100000,0.22127361
38.200000,-0.20633996
38.300000,-0.14901644
38.400000,-0.19881267
38.500000,-0.07818446
38.600000,0.11211413
38.700000,0.12760947
38.800000,0.09119154
38.900000,-0.16979666
39.000000,-0.28401210
39.100000,0.05811141
39.200000,-0.01561639
39.300000,0.12027499
39.400000,0.17783473
39.500000,0.08249611
39.600000,0.16701670
39.700000,0.07580063
39.800000,0.12487021
39.900000,-0.07675709
40.000000,-0.00368016
40.100000,0.04700958
40.200000,0.14351749
40.300000,-0.04456553
40.400000,0.07487405
40.500000,-0.03008955
40.600000,-0.02347705
40.700000,0.12820545
40.800000,-0.30353395
40.900000,-0.17976689
41.000000,-0.19856924
41.100000,-0.33832042
41.200000,-0.10096266
41.300000,0.12051839
41.400000,-0.03771784
41.500000,0.03271117
41.600000,0.18175215
41.700000,0.20859818
41.800000,0.00023009
41.900000,0.22515420
42.000000,0.04570473
42.100000,-0.09557936
42.200000,-0.06253655
42.300000,-0.21626276
42.400000,-0.14001730
42.500000,-0.05661941
42.600000,0.11602626
42.700000,0.25456310
42.800000,-0.19834856
42.900000,0.05371491
43.000000,-0.16406496
43.100000,0.06554573
43.200000,-0.03371176
43.300000,-0.27144691
43.400000,0.15339656
43.500000,-0.07305650
43.600000,-0.04080064
43.700000,-0.13910521
43.800000,-0.07681756
43.900000,0.08996454
44.000000,-0.01352034
44.100000,0.06783419
44.200000,0.05960418
44.300000,0.21176184
44.400000,-0.02500132
44.500000,-0.19178407
44.600000,0.16765439
44.700000,-0.05369372
44.800000,0.17005490
44.900000,0.06068698
45.000000,-0.04875825
45.100000,0.03820273
45.200000,0.28023811
45.300000,0.28936441
45.400000,0.00022397
45.500000,0.00577490
45.600000,0.13498091
45.700000,-0.14894403
45.800000,0.04929814
45.900000,0.01500120
46.000000,0.07034340
46.100000,-0.09613953
46.200000,-0.20001134
46.300000,-0.28754754
46.400000,-0.13641786
46.500000,-0.04636042
46.600000,-0.01765612
46.700000,0.31423768
46.800000,0.19562651
46.900000,-0.11310892
47.000000,0.04654465
47.100000,-0.06446665
47.200000,-0.03829366
47.300000,0.03757090
47.400000,0.10147669
47.500000,-0.02252181
47.600000,0.19174117
47.700000,-0.13381521
47.800000,0.05102028
47.900000,0.44413160
48.000000,0.07722629
48.100000,0.22954646
48.200000,0.02262686
48.300000,0.10520674
48.400000,0.00539554
48.500000,-0.00197398
48.600000,-0.09149046
48.700000,0.10549389
48.800000,-0.09026449
48.900000,0.14297525
49.000000,0.21206114
49.100000,0.12232702
49.200000,0.00399035
49.300000,0.10958160
49.400000,0.00542800
49.500000,0.21067178
49.600000,-0.20143034
49.700000,0.01948702
49.800000,-0.21964826
49.900000,-0.13480115
50.000000,0.28978137
50.100000,0.20350347
50.200000,-0.02446998
50.300000,-0.11917796
50.400000,-0.32951051
50.500000,0.03423416
50.600000,0.47823183
50.700000,0.18715098
50.800000,0.03665442
50.900000,0.19268798
51.000000,-0.12385231
51.100000,0.08131762
51.200000,0.12721553
51.300000,0.09425347
51.400000,0.22702060
51.500000,0.18404831
51.600000,0.22758824
51.700000,0.01615130
51.800000,0.24752965
51.900000,0.37716465
52.000000,-0.04638649
52.100000,-0.04599126
52.200000,0.32036620
52.300000,0.09844754
52.400000,0.32451052
52.500000,0.04711394
52.600000,0.33262059
52.700000,0.14430013
52.800000,0.18544561
52.900000,0.38614161
53.000000,0.09075087
53.100000,0.01335314
53.200000,0.07891779
53.300000,0.20171247
53.400000,-0.12206039
53.500000,0.18970256
53.600000,0.00256889
53.700000,0.24148301
53.800000,-0.28600910
53.900000,-0.05918774
54.000000,-0.23183710
54.100000,-0.11526823
54.200000,0.04021376
54.300000,-0.03102552
54.400000,-0.02385386
54.500000,-0.01702747
54.600000,0.04798958
54.700000,-0.13396685
54.800000,0.12289334
54.900000,0.10630123
55.000000,0.06401163
55.100000,0.08061480
55.200000,0.04369778
55.300000,0.30172108
55.400000,-0.02787958
55.500000,-0.04891520
55.600000,-0.11069977
55.700000,-0.15782679
55.800000,-0.18785224
55.900000,-0.13544694
56.000000,-0.02308049
56.100000,0.03857179
56.200000,-0.01129331
56.300000,-0.14507412
56.400000,0.08537065
56.500000,0.05701158
56.600000,-0.07098392
56.700000,-0.15325001
56.800000,0.05726011
56.900000,0.01388019
57.000000,-0.21582298
57.100000,0.00080199
57.200000,0.07259878
57.300000,-0.11104484
57.400000,0.02171704
57.500000,-0.23027635
57.600000,0.19513356
57.700000,0.18377635
57.800000,-0.03792808
57.900000,0.07037859
58.000000,-0.34098316
58.100000,-0.14330006
58.200000,-0.02512950
58.300000,-0.15496734
58.400000,0.13244145
58.500000,0.32614728
58.600000,-0.15735816
58.700000,-0.11388220
58.800000,0.03932509
58.900000,0.23722775
59.000000,-0.20313359
59.100000,-0.00036707
59.200000,0.23319228
59.300000,-0.29482153
59.400000,-0.22587212
59.500000,-0.09367581
59.600000,-0.10497927
59.700000,0.08614174
59.800000,-0.00089184
59.900000,-0.29899309
60.000000,0.05321713
60.100000,-0.09179197
60.200000,0.19901543
60.300000,-0.08613391
60.400000,-0.07791391
60.500000,0.09292990
60.600000,0.10450807
60.700000,0.06056431
60.800000,-0.25072630
60.900000,0.08978263
61.000000,-0.14094250
61.100000,0.04537208
61.200000,-0.21310046
61.300000,0.07408877
61.400000,-0.10867202
61.500000,-0.18674817
61.600000,0.12609314
61.700000,0.04473241
61.800000,-0.09055307
61.900000,0.23891738
62.000000,-0.03437433
62.100000,0.03230357
62.200000,0.07133301
62.300000,-0.06003639
62.400000,0.07069658
62.500000,-0.09080941
62.600000,-0.07308746
62.700000,0.18883534
62.800000,-0.16862373
62.900000,-0.36083908
63.000000,0.23892009
63.100000,0.36704687
63.200000,-0.07218449
63.300000,-0.30577929
63.400000,-0.06363894
63.500000,-0.06344107
63.600000,-0.02203415
63.700000,-0.18738223
63.800000,0.06196014
63.900000,0.05371781
64.000000,-0.25843285
64.100000,0.08146541
64.200000,0.29430774
64.300000,0.01168599
64.400000,-0.06789492
64.500000,-0.03988011
64.600000,0.07251144
64.700000,-0.28025829
64.800000,0.00180507
64.900000,-0.07833374
65.000000,0.26650815
65.100000,-0.05149463
65.200000,0.21226645
65.300000,-0.22440001
65.400000,0.03970674
65.500000,0.00259178
65.600000,-0.16955213
65.700000,-0.02967961
65.800000,0.14706818
65.900000,-0.09062461
66.000000,-0.29377179
66.100000,-0.03229920
66.200000,-0.17681199
66.300000,-0.09929556
66.400000,-0.05797253
66.500000,-0.26723252
66.600000,-0.25005994
66.700000,0.08393517
66.800000,-0.05225458
66.900000,-0.35408231
67.000000,0.13654560
67.100000,0.07245150
67.200000,-0.09340251
67.300000,-0.16457532
67.400000,0.16078046
67.500000,0.05606919
67.600000,0.35703087
67.700000,0.07057619
67.800000,0.06291908
67.900000,-0.01163551
68.000000,0.12577977
68.100000,0.08141438
68.200000,0.17461301
68.300000,-0.09090539
68.400000,-0.08213869
68.500000,-0.07390555
68.600000,0.10643770
68.700000,0.21639159
68.800000,-0.07631501
68.900000,-0.08982558
69.000000,0.00523370
69.100000,-0.07853918
69.200000,0.12496749
69.300000,-0.34859591
69.400000,-0.15548269
69.500000,-0.18610524
69.600000,-0.40793955
69.700000,-0.20552648
69.800000,-0.18449894
69.900000,-0.08789983
70.000000,0.11347330
70.100000,-0.10001660
70.200000,-0.22318913
70.300000,-0.08216327
70.400000,0.08411910
70.500000,-0.21307865
70.600000,-0.20338306
70.700000,0.02873347
70.800000,-0.09376252
70.900000,0.02070986
71.000000,-0.05467615
71.100000,0.04542481
71.200000,-0.22184776
71.300000,-0.06912838
71.400000,-0.09805301
71.500000,-0.25341335
71.600000,-0.30570062
71.700000,0.03126629
71.800000,-0.12208110
71.900000,-0.25101013
72.000000,-0.08946441
72.100000,0.09245780
72.200000,-0.41182824
72.300000,-0.31069058
72.400000,-0.23021975
72.500000,0.11938226
72.600000,-0.03970984
72.700000,0.02602994
72.800000,-0.25093483
72.900000,-0.25558611
73.000000,-0.02585510
73.100000,-0.08717261
73.200000,0.00186320
73.300000,-0.13121650
73.400000,-0.07707226
73.500000,-0.11838361
73.600000,-0.03842639
73.700000,-0.04371946
73.800000,-0.42706528
73.900000,-0.52992453
74.000000,-0.06668902
74.100000,-0.05094793
74.200000,-0.36773510
74.300000,-0.48871390
74.400000,-0.19257375
74.500000,-0.07977659
74.600000,0.03186384
74.700000,-0.17394058
74.800000,-0.30760123
74.900000,-0.37533520
75.000000,-0.22875951
75.100000,-0.26773956
75.200000,-0.38390072
75.300000,0.07602741
75.400000,0.03269321
75.500000,-0.06702902
75.600000,-0.35105835
75.700000,-0.10576189
75.800000,-0.14082695
75.900000,-0.15578808
76.000000,-0.05225083
76.100000,-0.15205992
76.200000,-0.14265192
76.300000,-0.16073759
76.400000,-0.22424631
76.500000,-0.53570325
76.600000,-0.24756298
76.700000,-0.33737443
76.800000,-0.45630626
76.900000,-0.01095949
77.000000,-0.01461597
77.100000,-0.07401334
77.200000,-0.21371280
77.300000,-0.04819270
77.400000,-0.26316881
77.500000,-0.23233317
77.600000,-0.44293502
77.700000,-0.23369375
77.800000,-0.29661803
77.900000,-0.50634545
78.000000,-0.30732357
78.100000,-0.30460266
78.200000,-0.01667311
78.300000,-0.16530238
78.400000,-0.30415333
78.500000,-0.26522804
78.600000,-0.30339412
78.700000,-0.34374347
78.800000,-0.47031415
78.900000,-0.33473312
79.000000,-0.42121736
79.100000,-0.47767722
79.200000,-0.21544892
79.300000,-0.21923044
79.400000,-0.53915382
79.500000,-0.30709730
79.600000,-0.15250504
79.700000,-0.15291983
79.800000,-0.16812589
79.900000,-0.31718791
80.000000,-0.44234596
80.100000,-0.44302208
80.200000,-0.22501842
80.300000,-0.22510531
80.400000,-0.11382454
80.500000,-0.14102019
80.600000,-0.32548219
80.700000,-0.49002363
80.800000,-0.32592385
80.900000,-0.23052603
81.000000,-0.28394246
81.100000,-0.35179902
81.200000,-0.23327811
81.300000,-0.34788263
81.400000,-0.37574377
81.500000,-0.22875036
81.600000,-0.33142426
81.700000,-0.24750941
81.800000,-0.22872267
81.900000,-0.43932990
82.000000,-0.36129057
82.100000,-0.07399397
82.200000,-0.46053796
82.300000,-0.59199070
82.400000,-0.55775902
82.500000,-0.26412049
82.600000,-0.26154369
82.700000,-0.29954357
82.800000,-0.11669546
82.900000,-0.68621838
83.000000,-0.21149133
83.100000,-0.03273077
83.200000,-0.41810513
83.300000,-0.29316968
83.400000,-0.34086894
83.500000,-0.37296280
83.600000,-0.26691305
83.700000,0.00264466
83.800000,0.05955980
83.900000,-0.27439832
84.000000,0.06489300
84.100000,-0.23552227
84.200000,0.03065099
84.300000,-0.25778031
84.400000,-0.21961954
84.500000,-0.19065649
84.600000,0.22823737
84.700000,-0.12992076
84.800000,-0.36557803
84.900000,-0.09140612
85.000000,-0.27434996
85.100000,-0.28922386
85.200000,-0.07971466
85.300000,-0.20115161
85.400000,-0.15040842
85.500000,-0.19999485
85.600000,-0.15247443
85.700000,-0.16102051
85.800000,-0.50177321
85.900000,-0.08640198
86.000000,-0.33266980
86.100000,-0.42715188
86.200000,-0.21220201
86.300000,-0.20163224
86.400000,-0.32615551
86.500000,-0.08989589
86.600000,-0.41276229
86.700000,-0.27827489
86.800000,-0.31269971
86.900000,-0.23038665
87.000000,-0.18642250
87.100000,-0.39268693
87.200000,-0.13679135
87.300000,-0.23184828
87.400000,-0.52716782
87.500000,-0.55406670
87.600000,-0.25019710
87.700000,-0.31430004
87.800000,-0.30196434
87.900000,-0.29803108
88.000000,-0.25816158
88.100000,-0.14304818
88.200000,-0.43828018
88.300000,-0.45589904
88.400000,-0.43700289
88.500000,-0.22725699
88.600000,-0.10433086
88.700000,-0.33290740
88.800000,-0.66066676
88.900000,-0.53591674
89.000000,-0.40053380
89.100000,-0.35586999
89.200000,-0.33934387
89.300000,-0.26231138
89.400000,-0.33352490
89.500000,-0.13009196
89.600000,-0.39560199
89.700000,-0.43161467
89.800000,-0.22523067
89.900000,-0.51441857
90.000000,-0.22967757
90.100000,-0.28332017
90.200000,-0.32016264
90.300000,-0.07045763
90.400000,-0.40506559
90.500000,-0.00622358
90.600000,-0.35738294
90.700000,-0.50991890
90.800000,-0.30500274
90.900000,-0.49595525
91.000000,-0.46704016
91.100000,-0.28956558
91.200000,-0.27550669
91.300000,-0.44848467
91.400000,-0.19761756
91.500000,-0.18729361
91.600000,-0.16235295
91.700000,-0.27823302
91.800000,-0.14885188
91.900000,-0.64045684
92.000000,-0.41717034
92.100000,-0.50560044
92.200000,-0.37189264
92.300000,-0.46483295
92.400000,-0.41330026
92.500000,-0.09286794
92.600000,-0.40539969
92.700000,-0.33033307
92.800000,-0.43229794
92.900000,-0.41753055
93.000000,-0.42937426
93.100000,-0.36500958
93.200000,-0.24750515
93.300000,-0.19776784
93.400000,-0.38443153
93.500000,-0.33253532
93.600000,-0.57851251
93.700000,-0.41963700
93.800000,-0.25318530
93.900000,-0.28192836
94.000000,-0.37146562
94.100000,-0.27944194
94.200000,-0.35854285
94.300000,-0.26554160
94.400000,-0.40205730
94.500000,-0.50864751
94.600000,-0.40034369
94.700000,-0.91194788
94.800000,-0.44039104
94.900000,-1.02855717
95.000000,-0.72890916
95.100000,-0.41515592
95.200000,-0.41126780
95.300000,-0.64496744
95.400000,-0.57232802
95.500000,-0.25809289
95.600000,-0.52307671
95.700000,-0.12274269
95.800000,-0.45903457
95.900000,-0.39769535
96.000000,-0.21958276
96.100000,-0.44707752
96.200000,-0.61614877
96.300000,-0.48178340
96.400000,-0.48318702
96.500000,-0.67287511
96.600000,-0.51819529
96.700000,-0.59370810
96.800000,-0.34720899
96.900000,-0.47631363
97.000000,-0.54929402
97.100000,-0.51205103
97.200000,-0.47071932
97.300000,-0.39696593
97.400000,-0.64512288
97.500000,-0.65193031
97.600000,-0.30696485
97.700000,-0.53778532
97.800000,-0.67353491
97.900000,-0.39390814
98.000000,-0.38592955
98.100000,-0.68414281
98.200000,-0.40987904
98.300000,-0.34213022
98.400000,-0.40805830
98.500000,-0.37702196
98.600000,-0.68120302
98.700000,-0.42349646
98.800000,-0.50996214
98.900000,-0.52127092
99.000000,-0.32991912
99.100000,-0.24735867
99.200000,-0.21726921
99.300000,-0.26477906
99.400000,-0.47474434
99.500000,-0.39955856
99.600000,-0.35346565
99.700000,-0.45026643
99.800000,-0.44265752
99.900000,-0.34168227
100.000000,-0.46116917
100.100000,-0.51386784
100.200000,-0.47795051
100.300000,-0.33289804
100.400000,-0.43800868
100.500000,-0.36809178
100.600000,-0.30604313
100.700000,-0.46434757
100.800000,-0.29418541
100.900000,-0.36053477
101.000000,-0.59184279
101.100000,-0.19477394
101.200000,-0.48929228
101.300000,-0.65507940
101.400000,-0.56576759
101.500000,-0.56492740
101.600000,-0.40375773
101.700000,-0.44305703
101.800000,-0.43268634
101.900000,-0.28212041
102.000000,-0.31439463
102.100000,-0.32030700
102.200000,-0.31467349
102.300000,-0.27581972
102.400000,-0.68231804
102.500000,-0.43780232
102.600000,-0.71404492
102.700000,-0.38253919
102.800000,-0.39470862
102.900000,-0.21934300
103.000000,-0.19220962
103.100000,-0.32340042
103.200000,-0.42564974
103.300000,-0.27678475
103.400000,-0.43992574
103.500000,-0.36074384
103.600000,-0.21239785
103.700000,-0.46032936
103.800000,-0.26222619
103.900000,-0.28528718
104.000000,-0.52509440
104.100000,-0.23019531
104.200000,-0.27841029
104.300000,-0.36221993
104.400000,-0.49398228
104.500000,-0.54289010
104.600000,-0.50041501
104.700000,-0.32536859
104.800000,-0.57022320
104.900000,-0.35984030
105.000000,-0.59264733
105.100000,-0.44606164
105.200000,-0.39891840
105.300000,-0.06418424
105.400000,-0.61796434
105.500000,-0.19150479
105.600000,-0.38921109
105.700000,-0.33370006
105.800000,-0.36962592
105.900000,-0.33111663
106.000000,-0.42858576
106.100000,-0.18142629
106.200000,-0.47543394
106.300000,-0.26247500
106.400000,-0.52954414
106.500000,-0.45962941
106.600000,-0.59193063
106.700000,-0.36070124
106.800000,-0.22298800
106.900000,-0.45968391
107.000000,-0.50022611
107.100000,-0.65101934
107.200000,-0.50596482
107.300000,-0.68364863
107.400000,-0.57288443
107.500000,-0.40297933
107.600000,-0.24426877
107.700000,-0.03215707
107.800000,-0.51674927
107.900000,-0.21567147
108.000000,-0.36895607
108.100000,-0.41142385
108.200000,-0.34467709
108.300000,-0.40821022
108.400000,-0.40890687
108.500000,-0.48761436
108.600000,-0.63674461
108.700000,-0.62255707
108.800000,-0.30589329
108.900000,-0.44257740
109.000000,-0.48302763
109.100000,-0.39229731
109.200000,-0.27295115
109.300000,-0.37761410
109.400000,-0.50173910
109.500000,-0.21319013
109.600000,-0.15626504
109.700000,-0.31205696
109.800000,-0.22317963
109.900000,-0.17163156
110.000000,-0.18749513
110.100000,-0.29889625
110.200000,-0.30839913
110.300000,-0.32277768
110.400000,-0.56223926
110.500000,-0.29821013
110.600000,-0.61785950
110.700000,-0.54787571
110.800000,-0.25290516
110.900000,-0.32516631
111.000000,-0.24566557
111.100000,-0.52147278
111.200000,-0.65822577
111.300000,-0.53742503
111.400000,-0.48143773
111.500000,-0.47595144
111.600000,-0.32428080
111.700000,-0.55370777
111.800000,-0.44020288
111.900000,-0.64981006
112.000000,-0.44330120
112.100000,-0.49596453
112.200000,-0.59823256
112.300000,-0.51385636
112.400000,-0.49494059
112.500000,-0.53150484
112.600000,-0.20897436
112.700000,-0.48467770
112.800000,-0.49430584
112.900000,-0.76763312
113.000000,-0.58649948
113.100000,-0.49507311
113.200000,-0.55402426
113.300000,-0.24757120
113.400000,-0.46909349
113.500000,-0.27006366
113.600000,-0.46051352
113.700000,-0.43958716
113.800000,-0.46594376
113.900000,-0.45485906
114.000000,-0.20814022
114.100000,-0.80981093
114.200000,-0.77087637
114.300000,-0.55428746
114.400000,-0.46038625
114.500000,-0.36737493
114.600000,-0.39040418
114.700000,-0.50907740
114.800000,-0.28586449
114.900000,-0.28244524
115.000000,-0.37041076
115.100000,-0.24090640
115.200000,-0.34044971
115.300000,-0.47602005
115.400000,-0.28822978
115.500000,-0.35913441
115.600000,-0.35495099
115.700000,-0.11640898
115.800000,-0.69550053
115.900000,-0.55553026
116.000000,-0.51503225
116.100000,-0.40629762
116.200000,-0.40778940
116.300000,-0.59276712
116.400000,-0.50810358
116.500000,-0.47855560
116.600000,0.02520990
116.700000,-0.06670339
116.800000,-0.41048293
116.900000,-0.40445773
117.000000,-0.54032624
117.100000,-0.67814563
117.200000,-0.40051038
117.300000,-0.54163364
117.400000,-0.39415344
117.500000,-0.60809657
117.600000,-0.48973367
117.700000,-0.34599970
117.800000,-0.32123621
117.900000,-0.33563740
118.000000,-0.59479183
118.100000,-0.27410611
118.200000,-0.52756179
118.300000,-0.28883723
118.400000,-0.40361200
118.500000,-0.60381987
118.600000,-0.45666909
118.700000,-0.34347574
118.800000,-0.30269432
118.900000,-0.41117518
119.000000,-0.17153883
119.100000,-0.25930611
119.200000,-0.43774383
119.300000,-0.26541787
119.400000,-0.08204343
119.500000,-0.08874881
119.600000,-0.56289422
119.700000,-0.48848454
119.800000,-0.12547768
119.900000,-0.48935557
120.000000,-0.53781853
120.100000,-0.39281151
120.200000,-0.24935360
120.300000,-0.32291918
120.400000,-0.41428088
120.500000,-0.42748241
120.600000,-0.42128169
120.700000,-0.43199897
120.800000,0.06037813
120.900000,-0.21553297
121.000000,-0.12547034
121.100000,-0.33552021
121.200000,-0.27378020
121.300000,-0.34430297
121.400000,-0.64675558
121.500000,-0.46804435
121.600000,-0.52697260
121.700000,-0.59491466
121.800000,-0.43700810
121.900000,-0.04603050
122.000000,-0.24227083
122.100000,-0.02600236
122.200000,-0.18105797
122.300000,-0.12222076
122.400000,-0.36634287
122.500000,-0.17087471
122.600000,-0.14795897
122.700000,-0.35378902
122.800000,-0.18304049
122.900000,-0.16244913
123.000000,-0.30547912
123.100000,-0.40117294
123.200000,-0.40399824
123.300000,-0.20663758
123.400000,-0.16585042
123.500000,-0.32893302
123.600000,-0.20236144
123.700000,-0.10045784
123.800000,-0.08002019
123.900000,0.04737137
124.000000,0.01574513
124.100000,-0.31522723
124.200000,0.09134403
124.300000,-0.22720329
124.400000,0.01149100
124.500000,-0.13257632
124.600000,-0.20308183
124.700000,-0.43657288
124.800000,-0.19205781
124.900000,-0.40818963
125.000000,-0.04336463
125.100000,0.05632760
125.200000,-0.28461746
125.300000,-0.12008317
125.400000,-0.28090515
125.500000,-0.26275510
125.600000,-0.04035095
125.700000,-0.17216948
125.800000,0.09456052
125.900000,-0.22824476
126.000000,-0.02918145
126.100000,-0.16510072
126.200000,-0.06543753
126.300000,-0.25342384
126.400000,-0.19974356
126.500000,-0.20792307
126.600000,-0.29286328
126.700000,-0.07196955
126.800000,-0.07018390
126.900000,-0.05469109
127.000000,0.08028037
127.100000,0.08897334
127.200000,-0.18454620
127.300000,-0.05090390
127.400000,-0.19133943
127.500000,-0.09055073
127.600000,-0.18474402
127.700000,0.14080045
127.800000,-0.04668588
127.900000,-0.12311663
128.000000,0.08853319
128.100000,-0.41984138
128.200000,-0.39931385
128.300000,0.03414706
128.400000,-0.06139654
128.500000,-0.04084567
128.600000,-0.28533508
128.700000,-0.08524841
128.800000,0.23715344
128.900000,0.07406885
129.000000,-0.03906733
129.100000,-0.13349031
129.200000,-0.13792540
129.300000,-0.40126930
129.400000,-0.02393064
129.500000,0.04723456
129.600000,-0.33529719
129.700000,-0.20804948
129.800000,-0.27894891
129.900000,-0.24262284
130.000000,-0.10448853
130.100000,-0.41100287
130.200000,-0.02729901
130.300000,0.00795872
130.400000,-0.14647007
130.500000,-0.47207303
130.600000,-0.26525065
130.700000,0.06926691
130.800000,-0.52947227
130.900000,-0.15097263
131.000000,-0.29480729
131.100000,0.00330741
131.200000,-0.23160806
131.300000,-0.06362191
131.400000,-0.03000935
131.500000,0.17611151
131.600000,-0.13612401
131.700000,-0.03808935
131.800000,-0.30086351
131.900000,0.08079789
132.000000,-0.20443234
132.100000,-0.16290700
132.200000,-0.08517576
132.300000,-0.33074053
132.400000,-0.05061690
132.500000,0.04585343
132.600000,-0.05740666
132.700000,-0.34010285
132.800000,-0.11169316
132.900000,0.01072300
133.000000,-0.39043466
133.100000,-0.26870426
133.200000,0.03612887
133.300000,-0.02732896
133.400000,-0.02407731
133.500000,0.19689528
133.600000,-0.02472445
133.700000,0.01596157
133.800000,0.31268767
133.900000,-0.13403062
134.000000,-0.22865361
134.100000,-0.04565612
134.200000,-0.04003855
134.300000,-0.17903010
134.400000,-0.25489155
134.500000,0.23054597
134.600000,-0.05811074
134.700000,-0.21755557
134.800000,0.04367760
134.900000,-0.11851658
135.000000,-0.15924433
135.100000,-0.03731949
135.200000,-0.29983133
135.300000,-0.05116360
135.400000,0.18054950
135.500000,-0.04685124
135.600000,-0.15205650
135.700000,-0.18398571
135.800000,-0.17811565
135.900000,-0.14775864
136.000000,-0.18854747
136.100000,0.02092532
136.200000,-0.36895245
136.300000,0.03117970
136.400000,-0.14831588
136.500000,-0.03669422
136.600000,-0.27498236
136.700000,0.09173958
136.800000,0.06764733
136.900000,0.03063453
137.000000,-0.33077591
137.100000,0.03858717
137.200000,-0.02053151
137.300000,-0.31089556
137.400000,-0.07725522
137.500000,-0.02460976
137.600000,0.00986542
137.700000,-0.05153434
137.800000,-0.03114860
137.900000,0.13353409
138.000000,0.08587793
138.100000,-0.52040049
138.200000,-0.12725775
138.300000,-0.11610749
138.400000,-0.34611725
138.500000,-0.07550783
138.600000,0.09793644
138.700000,-0.23529908
138.800000,-0.01210391
138.900000,-0.19032711
139.000000,-0.13077491
139.100000,0.18323439
139.200000,-0.13152883
139.300000,0.01058125
139.400000,-0.34242735
139.500000,0.18940839
139.600000,-0.00197051
139.700000,-0.12621821
139.800000,-0.00304614
139.900000,-0.29656199
140.000000,0.08514217
140.100000,-0.11369562
140.200000,-0.08696918
140.300000,-0.13926964
140.400000,-0.15847530
140.500000,0.00617864
140.600000,-0.07266384
140.700000,-0.02213728
140.800000,-0.12026871
140.900000,-0.05325413
141.000000,-0.19916284
141.100000,0.18348028
141.200000,-0.38405569
141.300000,0.04544305
141.400000,0.06637695
141.500000,-0.26642466
141.600000,0.17735733
141.700000,-0.01508961
141.800000,-0.02356998
141.900000,-0.16981705
142.000000,-0.20564453
142.100000,-0.18730543
142.200000,-0.08750936
142.300000,0.05229877
142.400000,-0.12248120
142.500000,-0.27865125
142.600000,-0.02788345
142.700000,-0.00312851
142.800000,-0.04496671
142.900000,-0.04820025
143.000000,-0.19514187
143.100000,-0.29118748
143.200000,-0.28474026
143.300000,-0.40022017
143.400000,-0.12792741
143.500000,-0.16860546
143.600000,-0.22254770
143.700000,-0.59783498
143.800000,-0.33724408
143.900000,0.00418461
144.000000,-0.27430678
144.100000,-0.14698346
144.200000,-0.40283812
144.300000,0.00708400
144.400000,-0.22867514
144.500000,-0.15905307
144.600000,0.15359607
144.700000,0.01780691
144.800000,-0.25636588
144.900000,-0.27926070
145.000000,-0.21847765
145.100000,-0.08125328
145.200000,-0.16941172
145.300000,-0.22491600
145.400000,0.06313127
145.500000,-0.17591366
145.600000,0.19294253
145.700000,-0.14591857
145.800000,0.10625260
145.900000,-0.10591747
146.000000,-0.01205596
146.100000,-0.25920703
146.200000,-0.28546960
146.300000,-0.10450924
146.400000,-0.00562472
146.500000,-0.11793818
146.600000,-0.31150661
146.700000,-0.33841427
146.800000,-0.35766432
146.900000,-0.40256776
147.000000,-0.10484826
147.100000,0.03299084
147.200000,-0.13921011
147.300000,-0.47384877
147.400000,-0.15296568
147.500000,-0.15283468
147.600000,0.16727921
147.700000,-0.35817692
147.800000,-0.18465032
147.900000,0.12889812
148.000000,-0.05456015
148.100000,-0.04319383
148.200000,-0.12059240
148.300000,-0.07591143
148.400000,-0.00405158
148.500000,-0.23617153
148.600000,0.03504558
148.700000,-0.31521176
148.800000,-0.06657043
148.900000,-0.08705928
149.000000,-0.21302615
149.100000,-0.11452734
149.200000,-0.20669436
149.300000,-0.28591893
149.400000,-0.17735668
149.500000,-0.28780870
149.600000,-0.06251460
149.700000,-0.27866935
149.800000,0.00623378
149.900000,-0.27388113
150.000000,-0.18380218
150.100000,-0.22108308
150.200000,0.07490550
150.300000,-0.07826052
150.400000,-0.13922621
150.500000,-0.01649203
150.600000,-0.39972473
150.700000,-0.08551432
150.800000,0.21958734
150.900000,-0.07526130
151.000000,-0.08746036
151.100000,-0.01415128
151.200000,0.04078373
151.300000,-0.38748263
151.400000,-0.32909563
151.500000,-0.05344882
151.600000,-0.20036090
151.700000,0.12114465
151.800000,-0.11362352
151.900000,-0.36115622
152.000000,-0.26240523
152.100000,-0.48582711
152.200000,-0.10805565
152.300000,-0.09546224
152.400000,-0.10039412
152.500000,0.12744422
152.600000,0.15340152
152.700000,-0.07211244
152.800000,-0.37251703
152.900000,0.05508504
153.000000,0.05068462
153.100000,-0.03882005
153.200000,0.07014146
153.300000,-0.22872675
153.400000,0.22341988
153.500000,-0.20351494
153.600000,0.01957920
153.700000,-0.33459041
153.800000,-0.22107174
153.900000,0.11778361
154.000000,-0.14339301
154.100000,0.03560043
154.200000,-0.05041801
154.300000,-0.09462711
154.400000,0.12081405
154.500000,-0.14153900
154.600000,-0.36478852
154.700000,-0.19710677
154.800000,0.01967297
154.900000,-0.02747393
155.000000,-0.33997777
155.100000,-0.22366202
155.200000,-0.22132455
155.300000,-0.18829651
155.400000,-0.33508212
155.500000,-0.24005379
155.600000,-0.24570415
155.700000,-0.01340934
155.800000,-0.01428905
155.900000,-0.15953908
156.000000,-0.21981109
156.100000,-0.14394362
156.200000,-0.28726991
156.300000,-0.33472349
156.400000,-0.29912533
156.500000,-0.25032323
156.600000,-0.33273445
156.700000,-0.13041010
156.800000,-0.03317730
156.900000,-0.38178537
157.000000,-0.13608018
157.100000,-0.17501391
157.200000,-0.09849835
157.300000,-0.14533091
157.400000,-0.36803270
157.500000,-0.33465744
157.600000,-0.14048644
157.700000,0.00582994
157.800000,-0.48449301
157.900000,-0.10654337
158.000000,0.00035133
158.100000,-0.19639112
158.200000,-0.08806830
158.300000,-0.26580299
158.400000,-0.18456504
158.500000,-0.38699254
158.600000,-0.50000384
158.700000,-0.01737878
158.800000,-0.31840711
158.900000,-0.25973412
159.000000,-0.38091975
159.100000,-0.36793606
159.200000,-0.17524731
159.300000,-0.26930130
159.400000,-0.08137386
159.500000,-0.07434938
159.600000,-0.09727100
159.700000,-0.09230122
159.800000,0.11654082
159.900000,-0.25379024
160.000000,-0.09884674
160.100000,0.09459259
160.200000,0.10708843
160.300000,-0.31796104
160.400000,-0.15483296
160.500000,0.10953364
160.600000,-0.01072665
160.700000,-0.05734536
160.800000,-0.13116673
160.900000,-0.15330169
161.000000,-0.04028493
161.100000,-0.11614528
161.200000,-0.08261513
161.300000,-0.07394202
161.400000,-0.17697637
161.500000,-0.03296910
161.600000,0.32900234
161.700000,-0.34377849
161.800000,-0.04666909
161.900000,-0.21213592
162.000000,-0.01153195
162.100000,-0.09664971
162.200000,0.02314138
162.300000,0.09091856
162.400000,-0.05465666
162.500000,0.09591529
162.600000,-0.42527623
162.700000,0.20315467
162.800000,0.02272232
162.900000,0.13054288
163.000000,-0.23458060
163.100000,-0.18267612
163.200000,-0.02234137
163.300000,-0.06275328
163.400000,-0.04356799
163.500000,0.07709678
163.600000,-0.33385461
163.700000,0.07756988
163.800000,-0.07123419
163.900000,-0.12528561
164.000000,-0.30989857
164.100000,-0.00577868
164.200000,-0.46467295
164.300000,0.00837672
164.400000,-0.30344991
164.500000,-0.05796756
164.600000,-0.07679927
164.700000,0.12441097
164.800000,-0.07150938
164.900000,-0.13835022
165.000000,-0.13198493
165.100000,0.11698517
165.200000,-0.00227479
165.300000,-0.14206167
165.400000,-0.11496650
165.500000,-0.31061992
165.600000,-0.00380695
165.700000,-0.31220850
165.800000,0.05412471
165.900000,-0.03642861
166.000000,0.29220694
166.100000,-0.23305513
166.200000,-0.07951261
166.300000,0.16478531
166.400000,0.10274553
166.500000,-0.17353782
166.600000,-0.04259933
166.700000,-0.05270611
166.800000,-0.01482180
166.900000,-0.16026702
167.000000,-0.07464840
167.100000,-0.28107430
167.200000,-0.02229774
167.300000,0.02679065
167.400000,-0.06031997
167.500000,-0.26138302
167.600000,0.12856222
167.700000,0.04834588
167.800000,-0.08471334
167.900000,-0.01403222
168.000000,-0.19558144
168.100000,-0.12218502
168.200000,-0.03326005
168.300000,0.22454440
168.400000,-0.05892404
168.500000,0.11464420
168.600000,-0.07628169
168.700000,0.03550427
168.800000,-0.02350843
168.900000,0.14994838
169.000000,-0.05473989
169.100000,-0.22128237
169.200000,-0.20137125
169.300000,-0.05730354
169.400000,-0.15130159
169.500000,0.09798701
169.600000,-0.03866033
169.700000,0.40095507
169.800000,-0.22775303
169.900000,0.06821350
170.000000,-0.12419252
170.100000,-0.02648550
170.200000,0.05949031
170.300000,-0.30554390
170.400000,0.07320562
170.500000,0.30644843
170.600000,-0.03853100
170.700000,0.08192994
170.800000,0.19302613
170.900000,0.01022803
171.000000,-0.06380176
171.100000,-0.31975742
171.200000,0.11106323
171.300000,-0.01413303
171.400000,-0.12629432
171.500000,0.05025567
171.600000,-0.04935715
171.700000,-0.03040822
171.800000,0.14911181
171.900000,-0.14748654
172.000000,0.21369874
172.100000,-0.15621984
172.200000,-0.04065056
172.300000,0.35135687
172.400000,0.22748623
172.500000,0.05713203
172.600000,-0.09677326
172.700000,-0.03747580
172.800000,0.03028187
172.900000,0.03107100
173.000000,0.02345598
173.100000,0.06286202
173.200000,0.03069626
173.300000,-0.15984882
173.400000,-0.03428168
173.500000,0.18295224
173.600000,-0.15700369
173.700000,0.01013757
173.800000,-0.08643135
173.900000,0.02955032
174.000000,-0.03427070
174.100000,0.23644517
174.200000,0.09046772
174.300000,-0.19935055
174.400000,0.09117588
174.500000,-0.12900119
174.600000,-0.09942836
174.700000,0.04001074
174.800000,-0.06349532
174.900000,0.15304769
175.000000,-0.08545122
175.100000,-0.04470344
175.200000,-0.04342060
175.300000,-0.03019126
175.400000,0.23170263
175.500000,0.17407945
175.600000,0.34409439
175.700000,0.41035390
175.800000,-0.09443781
175.900000,0.06749436
176.000000,-0.11008310
176.100000,-0.05049010
176.200000,-0.01465916
176.300000,-0.06287718
176.400000,-0.04763699
176.500000,0.10302993
176.600000,-0.07021910
176.700000,0.24445933
176.800000,-0.02675310
176.900000,0.51261648
177.000000,0.02008382
177.100000,0.11455098
177.200000,-0.08496394
177.300000,0.38952471
177.400000,0.30372281
177.500000,0.20976872
177.600000,-0.03459879
177.700000,0.19935139
177.800000,-0.01575598
177.900000,0.38519872
178.000000,0.28125914
178.100000,0.16649121
178.200000,-0.19784623
178.300000,0.03405640
178.400000,0.29837758
178.500000,0.37285967
178.600000,0.35675088
178.700000,-0.04908479
178.800000,0.24440022
178.900000,0.37019743
179.000000,-0.02640243
179.100000,0.24492092
179.200000,0.29800929
179.300000,0.20906065
179.400000,-0.01364440
179.500000,0.23585645
179.600000,0.25965482
179.700000,0.30084247
179.800000,0.23890071
179.900000,0.25442928
180.000000,0.32189799
180.100000,0.43436982
180.200000,0.32760284
180.300000,0.31733390
180.400000,0.39331112
180.500000,0.08744593
180.600000,0.44525298
180.700000,0.37529836
180.800000,0.40201405
180.900000,0.53735360
181.000000,0.10101247
181.100000,0.08753519
181.200000,0.43334042
181.300000,0.40766246
181.400000,0.45381051
181.500000,0.36146528
181.600000,0.53738964
181.700000,0.57584981
181.800000,0.51494755
181.900000,0.40705352
182.000000,0.13078356
182.100000,0.56403544
182.200000,0.63739238
182.300000,0.54734701
182.400000,0.31586692
182.500000,0.56943079
182.600000,0.63002765
182.700000,0.72037823
182.800000,0.34008564
182.900000,0.42610811
183.000000,0.57098765
183.100000,0.47831772
183.200000,0.30926210
183.300000,0.54117806
183.400000,0.57219209
183.500000,0.49034224
183.600000,0.50721607
183.700000,0.43529131
183.800000,0.67688844
183.900000,0.30616705
184.000000,0.33977397
184.100000,0.43874921
184.200000,0.57194875
184.300000,0.22289240
184.400000,0.22893801
184.500000,0.10208044
184.600000,0.42066259
184.700000,0.21472840
184.800000,0.33954731
184.900000,0.47461674
185.000000,0.28935875
185.100000,0.40967944
185.200000,0.34273330
185.300000,0.52700906
185.400000,0.47024299
185.500000,0.30358825
185.600000,0.36044259
185.700000,0.54748309
185.800000,0.44750685
185.900000,0.18057340
186.000000,0.47758018
186.100000,0.22597237
186.200000,0.58322063
186.300000,0.53991814
186.400000,0.42493513
186.500000,0.38826495
186.600000,0.35252443
186.700000,0.48490975
186.800000,0.35046606
186.900000,0.45613454
187.000000,0.54207147
187.100000,0.32605045
187.200000,0.31940498
187.300000,0.25105471
187.400000,0.27584883
187.500000,0.16343595
187.600000,0.54483101
187.700000,0.70614719
187.800000,0.66432446
187.900000,0.20671691
188.000000,0.55467781
188.100000,0.65255148
188.200000,0.36412885
188.300000,0.43110231
188.400000,0.10575673
188.500000,0.46499216
188.600000,0.26302858
188.700000,0.46102074
188.800000,0.16720997
188.900000,0.48969887
189.000000,0.56007081
189.100000,0.28319965
189.200000,0.23236976
189.300000,0.07361479
189.400000,0.33162971
189.500000,0.29547963
189.600000,0.15304202
189.700000,0.44994043
189.800000,0.30295784
189.900000,0.19151471
190.000000,0.27243596
190.100000,0.51573879
190.200000,0.44798165
190.300000,0.32150406
190.400000,0.43663512
190.500000,0.16905246
190.600000,0.35847329
190.700000,0.38305693
190.800000,0.25471323
190.900000,0.39711036
191.000000,0.20274484
191.100000,0.37928222
191.200000,0.38338625
191.300000,-0.13197490
191.400000,0.46451613
191.500000,-0.16265970
191.600000,0.21129790
191.700000,0.45813117
191.800000,0.24638448
191.900000,0.06235705
192.000000,0.13059558
192.100000,0.43061732
192.200000,0.00118943
192.300000,0.45684138
192.400000,0.27813739
192.500000,0.08710635
192.600000,0.17679779
192.700000,0.11910443
192.800000,0.38564494
192.900000,0.37161896
193.000000,0.00500876
193.100000,0.19467905
193.200000,0.13605609
193.300000,0.43319336
193.400000,0.04087216
193.500000,0.50351462
193.600000,0.27522536
193.700000,0.11066709
193.800000,0.17980596
193.900000,0.15358463
194.000000,0.07905958
194.100000,0.29106206
194.200000,0.08302377
194.300000,-0.05069474
194.400000,0.24506665
194.500000,0.03090709
194.600000,0.17243865
194.700000,0.13282041
194.800000,0.14788222
194.900000,0.57805214
195.000000,0.29695138
195.100000,0.31895169
195.200000,0.02571377
195.300000,0.19223946
195.400000,0.31389927
195.500000,0.12317256
195.600000,0.39875667
195.700000,0.10607507
195.800000,0.24242806
195.900000,0.20526940
196.000000,0.31144282
196.100000,0.17815807
196.200000,0.23085097
196.300000,0.24933981
196.400000,0.16841238
196.500000,0.34094824
196.600000,0.30586799
196.700000,0.26286591
196.800000,0.23136343
196.900000,0.41971879
197.000000,0.27264996
197.100000,0.27071181
197.200000,0.31864372
197.300000,0.54592824
197.400000,0.07744005
197.500000,0.37804626
197.600000,-0.01180243
197.700000,0.30830482
197.800000,0.51299023
197.900000,0.31897548
198.000000,0.29599469
198.100000,0.17566224
198.200000,0.28906849
198.300000,0.22927109
198.400000,0.13949521
198.500000,0.18753617
198.600000,0.26518018
198.700000,0.10718537
198.800000,0.08850965
198.900000,-0.01099476
199.000000,0.26103877
199.100000,0.29282607
199.200000,0.26758105
199.300000,0.36943908
199.400000,0.24052949
199.500000,0.27073896
199.600000,0.25355246
199.700000,0.18807970
199.800000,0.12782083
199.900000,0.55183126
200.000000,0.16386852
200.100000,0.14172576
200.200000,0.31875051
200.300000,0.29095818
200.400000,0.03862612
200.500000,0.40930445
200.600000,0.22011430
200.700000,0.08857158
200.800000,0.43727780
200.900000,0.35496686
201.000000,0.06834726
201.100000,0.55401773
201.200000,0.40198003
201.300000,0.29303826
201.400000,0.52987712
201.500000,0.31272803
201.600000,0.28643137
201.700000,0.18324410
201.800000,0.37489248
201.900000,0.37659042
202.000000,0.29159846
202.100000,0.15742072
202.200000,0.28967025
202.300000,0.25452941
202.400000,0.08901967
202.500000,0.08034948
202.600000,0.39728620
202.700000,-0.08088244
202.800000,0.33683663
202.900000,0.21695212
203.000000,0.49434246
203.100000,0.23003789
203.200000,0.41847272
203.300000,0.25754306
203.400000,0.33250101
203.500000,0.42806481
203.600000,0.25891874
203.700000,0.46020274
203.800000,0.17055750
203.900000,0.36361517
204.000000,0.44517855
204.100000,0.38083295
204.200000,0.56771637
204.300000,0.18316630
204.400000,0.11096602
204.500000,0.17301266
204.600000,0.44483338
204.700000,0.42000014
204.800000,0.37214984
204.900000,0.18301301
205.000000,0.46037148
205.100000,0.15356556
205.200000,0.48644737
205.300000,0.75672580
205.400000,0.37543812
205.500000,0.39837940
205.600000,0.22288456
205.700000,0.02288921
205.800000,0.22523521
205.900000,0.17689418
206.000000,0.10390737
206.100000,0.57511867
206.200000,0.34534177
206.300000,0.37328558
206.400000,0.27347821
206.500000,0.28632207
206.600000,0.45786621
206.700000,0.30266402
206.800000,0.40654963
206.900000,0.30416841
207.000000,0.29034400
207.100000,0.09868680
207.200000,0.01232010
207.300000,0.29480671
207.400000,0.35848905
207.500000,0.13498996
207.600000,0.31903713
207.700000,0.31791301
207.800000,0.00704214
207.900000,0.19616598
208.000000,0.38537072
208.100000,0.38280984
208.200000,0.12047141
208.300000,0.30433032
208.400000,0.43442152
208.500000,0.40782948
208.600000,0.25373990
208.700000,0.19332246
208.800000,0.18129346
208.900000,0.32851066
209.000000,0.29041348
209.100000,0.35641018
209.200000,0.30241322
209.300000,0.40274510
209.400000,0.29212018
209.500000,0.40595413
209.600000,0.40301805
209.700000,0.14912504
209.800000,-0.00682627
209.900000,0.49431232
210.000000,0.29152808
210.100000,0.00256633
210.200000,0.14374210
210.300000,0.36829656
210.400000,0.22850919
210.500000,0.18373511
210.600000,0.47247861
210.700000,0.10299533
210.800000,0.13966933
210.900000,0.27159242
211.000000,0.31544184
211.100000,0.32209283
211.200000,0.39669995
211.300000,0.28240452
211.400000,0.31857926
211.500000,0.22090776
211.600000,0.28118051
211.700000,0.29046988
211.800000,0.31579828
211.900000,0.39601190
212.000000,0.36336237
212.100000,0.27884357
212.200000,0.16175090
212.300000,0.28500953
212.400000,0.28853805
212.500000,0.31798794
212.600000,0.62029560
212.700000,0.21991563
212.800000,0.36217127
212.900000,0.45558233
213.000000,0.30971302
213.100000,0.65647533
213.200000,0.24119844
213.300000,0.34506287
213.400000,0.17681207
213.500000,0.25433924
213.600000,0.34326989
213.700000,0.45463500
213.800000,0.37373516
213.900000,0.51194595
214.000000,0.30684155
214.100000,0.25552137
214.200000,0.69856369
214.300000,0.34579357
214.400000,0.19242565
214.500000,0.19587080
214.600000,0.15285265
214.700000,0.44951846
214.800000,0.27305058
214.900000,0.36193614
215.000000,0.32312839
215.100000,0.43649557
215.200000,0.22158492
215.300000,0.19021437
215.400000,0.38204328
215.500000,0.44722276
215.600000,0.41910630
215.700000,0.24101100
215.800000,0.46674506
215.900000,0.26472192
216.000000,0.28420682
216.100000,0.22105273
216.200000,0.54450683
216.300000,0.43260335
216.400000,0.42164192
216.500000,0.52376006
216.600000,0.75477147
216.700000,0.06876915
216.800000,0.21507523
216.900000,0.21970190
217.000000,0.18971086
217.100000,0.16933296
217.200000,0.28513203
217.300000,0.14521765
217.400000,0.38250585
217.500000,0.31572261
217.600000,0.38662397
217.700000,0.42791156
217.800000,0.44079121
217.900000,0.29295934
218.000000,0.67612548
218.100000,0.41292262
218.200000,0.11014486
218.300000,0.21335393
218.400000,0.10945563
218.500000,0.40405443
218.600000,0.39071275
218.700000,0.32492445
218.800000,0.70026918
218.900000,0.46566945
219.000000,0.50709041
219.100000,0.24710404
219.200000,0.23784426
219.300000,0.38300346
219.400000,0.39693633
219.500000,0.11043233
219.600000,0.36313450
219.700000,0.38564093
219.800000,0.33757501
219.900000,0.22543840
220.000000,0.25156132
220.100000,0.32736623
220.200000,0.37933792
220.300000,0.44977243
220.400000,0.54008865
220.500000,0.32525806
220.600000,0.29819064
220.700000,0.41936750
220.800000,0.45729503
220.900000,0.32576836
221.000000,0.48837564
221.100000,0.51266047
221.200000,0.57471300
221.300000,0.63040482
221.400000,0.24055447
221.500000,0.38731929
221.600000,0.38792496
221.700000,0.37818543
221.800000,0.31669785
221.900000,0.21469411
222.000000,0.45074672
222.100000,0.31526292
222.200000,0.43243553
222.300000,0.31221354
222.400000,0.24997002
222.500000,0.44709263
222.600000,0.43587839
222.700000,0.49415642
222.800000,0.73856154
222.900000,0.48310956
223.000000,0.51287921
223.100000,0.27331788
223.200000,0.25415995
223.300000,0.68755548
223.400000,0.32894113
223.500000,0.31290774
223.600000,0.46071343
223.700000,0.43170471
223.800000,0.29048078
223.900000,0.35814239
224.000000,0.59290680
224.100000,0.27131440
224.200000,0.19828950
224.300000,0.54915237
224.400000,0.47873763
224.500000,0.30174903
224.600000,0.16502888
224.700000,0.28106646
224.800000,0.37278976
224.900000,0.57016644
225.000000,0.24414378
225.100000,0.38419394
225.200000,0.50590082
225.300000,0.04760620
225.400000,0.56452038
225.500000,0.22234270
225.600000,0.47441439
225.700000,0.45472210
225.800000,0.59913978
225.900000,0.51688405
226.000000,0.08739699
226.100000,0.33514436
226.200000,0.48741424
226.300000,0.42740900
226.400000,0.54126522
226.500000,0.61024587
226.600000,0.58006433
226.700000,0.45713180
226.800000,0.20610113
226.900000,0.41063226
227.000000,0.56200674
227.100000,0.32399362
227.200000,0.57100649
227.300000,0.63196509
227.400000,0.52229072
227.500000,0.06919814
227.600000,0.33170660
227.700000,0.80792360
227.800000,0.43514643
227.900000,0.22128523
228.000000,0.68296466
228.100000,0.50796035
228.200000,0.67563977
228.300000,0.55081184
228.400000,0.57342754
228.500000,0.54841801
228.600000,0.60738243
228.700000,0.83038067
228.800000,0.64061980
228.900000,0.28287137
229.000000,0.60480775
229.100000,0.69102910
229.200000,0.69383125
229.300000,0.45455279
229.400000,0.69250183
229.500000,0.64018865
229.600000,0.89158870
229.700000,0.39315062
229.800000,0.45257270
229.900000,0.47978618
230.000000,0.46624676
230.100000,0.37113191
230.200000,0.07795758
230.300000,0.43587393
230.400000,0.56954733
230.500000,0.42873163
230.600000,0.79337101
230.700000,0.48855126
230.800000,0.67808461
230.900000,0.53374638
231.000000,0.61333492
231.100000,0.52833164
231.200000,0.67826555
231.300000,0.47361846
231.400000,0.56080299
231.500000,0.54226993
231.600000,0.43210948
231.700000,0.53238238
231.800000,0.78768384
231.900000,0.39985644
232.000000,0.51971979
232.100000,0.64381711
232.200000,0.64893702
232.300000,0.47857232
232.400000,0.11893481
232.500000,0.56169927
232.600000,0.11926165
232.700000,0.67519265
232.800000,0.47959531
232.900000,0.62201780
233.000000,0.34838618
233.100000,0.23728243
233.200000,0.52423737
233.300000,0.47699592
233.400000,0.39751187
233.500000,0.48636743
233.600000,0.88641039
233.700000,0.61499542
233.800000,0.65138884
233.900000,0.62308249
234.000000,0.72927905
234.100000,0.49202343
234.200000,0.22178325
234.300000,0.51880309
234.400000,0.67621555
234.500000,0.41105695
234.600000,0.54500218
234.700000,0.46666086
234.800000,0.79618967
234.900000,0.70402276
235.000000,0.70885839
235.100000,0.70432938
235.200000,0.60011918
235.300000,0.65295809
235.400000,0.45521198
235.500000,0.30887035
235.600000,0.65554634
235.700000,0.68567307
235.800000,0.81826371
235.900000,0.86466234
236.000000,0.86607025
236.100000,0.48411203
236.200000,0.57653107
236.300000,0.71232688
236.400000,1.03558842
236.500000,0.88951638
236.600000,0.83215609
236.700000,0.61520818
236.800000,0.54189196
236.900000,0.77793914
237.000000,0.50263652
237.100000,0.63378384
237.200000,0.68351517
237.300000,0.95721593
237.400000,0.67366832
237.500000,0.36403552
237.600000,0.80761433
237.700000,0.61511008
237.800000,0.70555016
237.900000,0.67573910
238.000000,0.64717660
238.100000,0.78157681
238.200000,0.42662413
238.300000,0.57609037
238.400000,0.75372308
238.500000,0.55112399
238.600000,0.39787753
238.700000,0.76022857
238.800000,0.83641520
238.900000,0.65453812
239.000000,0.36640039
239.100000,0.76614293
239.200000,0.40210882
239.300000,0.68824233
239.400000,0.52098915
239.500000,0.47515542
239.600000,0.56976846
239.700000,0.60810264
239.800000,0.54044215
239.900000,0.70176643
240.000000,0.54612158
240.100000,0.79053637
240.200000,0.69115847
240.300000,0.57116646
240.400000,0.56098237
240.500000,0.46119611
240.600000,0.78559157
240.700000,0.69795133
240.800000,0.39732698
240.900000,0.68454396
241.000000,0.62309525
241.100000,0.99595423
241.200000,0.49647307
241.300000,0.54052305
241.400000,0.91545821
241.500000,0.94429410
241.600000,0.63405386
241.700000,0.64939589
241.800000,0.81357382
241.900000,0.35466686
242.000000,0.41084558
242.100000,0.63737896
242.200000,0.91700563
242.300000,0.62184980
242.400000,0.71519318
242.500000,0.87921468
242.600000,1.03810183
242.700000,0.64290261
242.800000,0.72948052
242.900000,1.01856653
243.000000,0.52802131
243.100000,0.91506151
243.200000,0.62348988
243.300000,0.76351861
243.400000,0.70832934
243.500000,0.59741097
243.600000,0.60753961
243.700000,0.81538380
243.800000,0.90591039
243.900000,0.75411307
244.000000,0.77009313
244.100000,0.83161768
244.200000,0.59744733
244.300000,0.85038554
244.400000,0.84369212
244.500000,1.11919314
244.600000,0.68044639
244.700000,0.68085825
244.800000,0.85977394
244.900000,0.86687969
245.000000,0.66344587
245.100000,0.70355048
245.200000,0.81124357
245.300000,0.59451298
245.400000,0.65719701
245.500000,0.71924918
245.600000,0.85216122
245.700000,0.61062772
245.800000,0.41712761
245.900000,0.40682928
246.000000,0.51300474
246.100000,0.50216634
246.200000,0.67057155
246.300000,0.51350196
246.400000,0.58639150
246.500000,0.55486803
246.600000,0.61050338
246.700000,0.86960319
246.800000,0.78571810
246.900000,0.69599802
247.000000,0.63852546
247.100000,0.63062246
247.200000,0.74037269
247.300000,0.76398658
247.400000,0.53181630
247.500000,0.68851630
247.600000,0.39621114
247.700000,0.71899354
247.800000,0.79611953
247.900000,0.63893250
248.000000,0.96050911
248.100000,0.53478657
248.200000,0.68041240
248.300000,0.64835814
248.400000,0.61535874
248.500000,0.60795350
248.600000,0.64317268
248.700000,0.75934873
248.800000,0.83717473
248.900000,0.62584768
249.000000,0.75867748
249.100000,0.53459750
249.200000,0.74705166
249.300000,0.51837228
249.400000,0.80092803
249.500000,0.98960402
249.600000,0.64919119
249.700000,0.35325693
249.800000,0.59266023
249.900000,0.85342224
250.000000,0.72883793
250.100000,0.68155058
250.200000,0.78347749
250.300000,0.72009646
250.400000,0.84074744
250.500000,0.79239408
250.600000,0.89049612
250.700000,0.71879526
250.800000,0.80946269
250.900000,0.61153304
251.000000,0.56569504
251.100000,0.91129285
251.200000,0.69525211
251.300000,0.77607224
251.400000,0.64396199
251.500000,0.52450324
251.600000,0.61345545
251.700000,0.82803373
251.800000,0.71618561
251.900000,0.38323159
252.000000,0.60870425
252.100000,0.90800630
252.200000,0.62190290
252.300000,0.37687930
252.400000,0.92928503
252.500000,0.73467548
252.600000,0.63890154
252.700000,0.59846080
252.800000,0.80809597
252.900000,0.56313221
253.000000,0.82284399
253.100000,0.72898619
253.200000,0.67800554
253.300000,0.65533919
253.400000,0.61139431
253.500000,0.79024888
253.600000,0.49821634
253.700000,0.36875626
253.800000,0.70520273
253.900000,0.70560778
254.000000,0.67915843
254.100000,0.67072676
254.200000,0.57052247
254.300000,0.74520472
254.400000,0.62694134
254.500000,0.55787998
254.600000,0.57741934
254.700000,0.91483200
254.800000,0.34443175
254.900000,0.67994218
255.000000,0.34373197
255.100000,0.58057622
255.200000,0.52024162
255.300000,0.25265959
255.400000,0.63366235
255.500000,0.51266803
255.600000,0.24480838
255.700000,0.67255838
255.800000,0.76701052
255.900000,0.79183714
256.000000,0.61738507
256.100000,0.56792356
256.200000,0.77315792
256.300000,0.80462662
256.400000,0.74596681
256.500000,0.46409006
256.600000,0.60310638
256.700000,0.63772204
256.800000,0.29178471
256.900000,0.63051409
257.000000,0.89609814
257.100000,0.66094090
257.200000,0.78467160
257.300000,0.58022596
257.400000,0.53979978
257.500000,0.61421065
257.600000,0.42050129
257.700000,0.37861420
257.800000,0.73709908
257.900000,0.74535563
258.000000,0.38925009
258.100000,0.67840232
258.200000,0.52679555
258.300000,0.61214431
258.400000,0.63722503
258.500000,0.69918442
258.600000,0.54589010
258.700000,0.74027909
258.800000,0.57200792
258.900000,0.59862022
259.000000,0.38989528
259.100000,0.82570767
259.200000,0.59036218
259.300000,0.64874565
259.400000,0.29764912
259.500000,0.42079936
259.600000,0.71516385
259.700000,0.58005908
259.800000,0.24404014
259.900000,0.67386377
260.000000,0.45314084
260.100000,0.74087683
260.200000,0.51216202
260.300000,0.56749953
260.400000,0.70427302
260.500000,0.41368617
260.600000,0.38354238
260.700000,0.52243980
260.800000,0.66385235
260.900000,0.34019269
261.000000,0.28379673
261.100000,0.65349532
261.200000,0.44916672
261.300000,0.49883748
261.400000,0.29349612
261.500000,0.46537251
261.600000,0.56835537
261.700000,0.69972221
261.800000,0.43264241
261.900000,0.78323774
262.000000,0.42675704
262.100000,0.43003194
262.200000,0.74021756
262.300000,0.54083670
262.400000,0.44456627
262.500000,0.51762295
262.600000,0.73689174
262.700000,0.73715865
262.800000,0.40028722
262.900000,0.48869198
263.000000,0.52196243
263.100000,0.35799984
263.200000,0.51961870
263.300000,0.50810630
263.400000,0.68941705
263.500000,0.69835328
263.600000,0.46394551
263.700000,0.46485582
263.800000,0.60380161
263.900000,0.42455315
264.000000,0.62210897
264.100000,0.53278358
264.200000,0.39349302
264.300000,0.38339095
264.400000,0.72761337
264.500000,0.50483003
264.600000,0.76506828
264.700000,0.45979248
264.800000,0.58687957
264.900000,0.90611913
265.000000,0.38498719
265.100000,0.26691110
265.200000,0.74444615
265.300000,0.42306570
265.400000,0.55239317
265.500000,0.46594373
265.600000,0.58453586
265.700000,0.40898893
265.800000,0.52387052
265.900000,0.62426076
266.000000,0.40015580
266.100000,0.43194008
266.200000,0.50572614
266.300000,0.36213059
266.400000,0.52373418
266.500000,0.60034408
266.600000,0.51904844
266.700000,0.55492224
266.800000,0.58845750
266.900000,0.48555056
267.000000,0.71009828
267.100000,0.82132348
267.200000,0.55755081
267.300000,0.68326690
267.400000,0.58082281
267.500000,0.69650148
267.600000,0.87696231
267.700000,0.71528626
267.800000,0.35902212
267.900000,0.70618177
268.000000,0.81383045
268.100000,0.59458376
268.200000,0.76241438
268.300000,0.52829456
268.400000,0.42289964
268.500000,0.66658685
268.600000,0.36815020
268.700000,0.61414694
268.800000,0.83880775
268.900000,0.34611452
269.000000,0.41956902
269.100000,0.44899712
269.200000,0.57690832
269.300000,0.52413493
269.400000,0.79785581
269.500000,0.72669280
269.600000,0.66215982
269.700000,0.60109340
269.800000,0.63907535
269.900000,0.47390434
270.000000,0.72766142
270.100000,0.41694638
270.200000,0.69033324
270.300000,0.76124934
270.400000,0.60929117
270.500000,0.56389593
270.600000,0.64895621
270.700000,0.16708092
270.800000,0.64975956
270.900000,0.58204844
271.000000,0.60462020
271.100000,0.70914648
271.200000,0.60134647
271.300000,0.43690832
271.400000,0.59098364
271.500000,0.61684345
271.600000,0.62460993
271.700000,0.61882142
271.800000,0.75346955
271.900000,0.43524927
272.000000,0.61808768
272.100000,0.78462173
272.200000,0.33260860
272.300000,0.61241105
272.400000,0.49617216
272.500000,0.51636576
272.600000,0.46445999
272.700000,0.58751793
272.800000,0.89247601
272.900000,0.44074847
273.000000,0.43128049
273.100000,0.38079965
273.200000,0.83047109
273.300000,0.48552462
273.400000,0.54825045
273.500000,0.49420674
273.600000,0.42406573
273.700000,0.51685740
273.800000,0.92572210
273.900000,0.76602887
274.000000,0.43350768
274.100000,0.65240720
274.200000,0.44720029
274.300000,0.30429146
274.400000,0.74502343
274.500000,0.75668605
274.600000,0.74855389
274.700000,0.52051024
274.800000,0.56210076
274.900000,0.70722974
275.000000,0.64995923
275.100000,0.50030562
275.200000,0.27979605
275.300000,0.55506717
275.400000,0.71466044
275.500000,0.39587884
275.600000,0.67118065
275.700000,0.60964638
275.800000,0.66746236
275.900000,0.68593354
276.000000,0.43894297
276.100000,0.32041174
276.200000,0.50986176
276.300000,0.72905815
276.400000,0.51431810
276.500000,0.47603259
276.600000,0.32555374
276.700000,0.86262911
276.800000,0.72017905
276.900000,0.71764049
277.000000,0.74034636
277.100000,0.68351631
277.200000,0.54311112
277.300000,0.56830088
277.400000,0.52753791
277.500000,1.00084929
277.600000,0.68667135
277.700000,0.53214008
277.800000,0.65704685
277.900000,0.44476908
278.000000,0.81162535
278.100000,0.48101191
278.200000,0.65540765
278.300000,0.74165617
278.400000,0.61906165
278.500000,0.57280719
278.600000,0.56985977
278.700000,0.55529324
278.800000,0.47461785
278.900000,0.49570898
279.000000,0.78361852
279.100000,0.53309329
279.200000,0.43112819
279.300000,0.48354187
279.400000,0.71348800
279.500000,0.64533961
279.600000,0.61152841
279.700000,0.50020744
279.800000,0.62379169
279.900000,0.43111076
280.000000,0.48987001
280.100000,0.67989958
280.200000,0.65322862
280.300000,0.35733888
280.400000,0.36355504
280.500000,0.52453738
280.600000,0.75841450
280.700000,0.21781457
280.800000,0.53692367
280.900000,0.29794163
281.000000,0.39694550
281.100000,0.43796162
281.200000,0.43024385
281.300000,0.44124437
281.400000,0.53001992
281.500000,0.44159568
281.600000,0.31079600
281.700000,0.67286314
281.800000,0.64931789
281.900000,0.65281343
282.000000,0.29244434
282.100000,0.56344717
282.200000,0.61607320
282.300000,0.34440527
282.400000,0.51736904
282.500000,0.48154176
282.600000,0.77296180
282.700000,0.79792357
282.800000,0.25929349
282.900000,0.87134327
283.000000,0.34384625
283.100000,0.62553111
283.200000,0.61498046
283.300000,0.32257500
283.400000,0.52916129
283.500000,0.44885749
283.600000,0.54958365
283.700000,0.50337303
283.800000,0.66557603
283.900000,0.49224149
284.000000,0.44710065
284.100000,0.63017823
284.200000,0.55057767
284.300000,0.57225871
284.400000,0.35289033
284.500000,0.27157189
284.600000,0.33653183
284.700000,0.33294485
284.800000,0.54569305
284.900000,0.58861542
285.000000,0.44247411
285.100000,0.68955351
285.200000,0.69683632
285.300000,0.53733704
285.400000,0.39812222
285.500000,0.77998273
285.600000,0.54599761
285.700000,0.58261156
285.800000,0.51034324
285.900000,0.42737940
286.000000,0.33655798
286.100000,0.65929916
286.200000,0.43827458
286.300000,1.01248115
286.400000,0.36243839
286.500000,0.35747913
286.600000,0.62002162
286.700000,0.77842480
286.800000,0.57626966
286.900000,0.65608110
287.000000,0.31110475
287.100000,0.47116928
287.200000,0.44058217
287.300000,0.33047297
287.400000,0.63484731
287.500000,0.29803709
287.600000,0.42216822
287.700000,0.53651516
287.800000,0.50979236
287.900000,0.67160179
288.000000,0.66476304
288.100000,0.75944194
288.200000,0.76192039
288.300000,0.80124929
288.400000,0.64921518
288.500000,0.68836933
288.600000,0.71427223
288.700000,0.64418963
288.800000,0.55036775
288.900000,0.56498279
289.000000,0.47892743
289.100000,0.67374712
289.200000,0.58850673
289.300000,0.48863654
289.400000,0.48250217
289.500000,0.40437957
289.600000,0.72949734
289.700000,0.59493431
289.800000,0.46213615
289.900000,0.72588737
290.000000,0.49687674
290.100000,0.35749830
290.200000,0.72262988
290.300000,0.49458978
290.400000,0.49635076
290.500000,0.55323533
290.600000,0.70987646
290.700000,0.53905981
290.800000,0.34711424
290.900000,0.61710785
291.000000,0.44357624
291.100000,0.78061667
291.200000,0.49331345
291.300000,0.15617825
291.400000,0.52764259
291.500000,0.75850653
291.600000,0.69845238
291.700000,0.73204790
291.800000,0.30632331
291.900000,0.58823125
292.000000,0.36090325
292.100000,0.50876429
292.200000,0.27455266
292.300000,0.37002129
292.400000,0.36680084
292.500000,0.61765779
292.600000,0.59583778
292.700000,0.52652093
292.800000,0.28299702
292.900000,0.45677311
293.000000,0.40715225
293.100000,0.65194484
293.200000,0.69513381
293.300000,0.68300319
293.400000,0.40915704
293.500000,0.13173367
293.600000,0.27862100
293.700000,0.75210162
293.800000,0.47321395
293.900000,0.40629707
294.000000,0.77204352
294.100000,0.70563833
294.200000,0.53276942
294.300000,0.46963643
294.400000,0.49541861
294.500000,0.56317090
294.600000,0.74333661
294.700000,0.59097881
294.800000,0.63146963
294.900000,0.69970894
295.000000,0.35578441
295.100000,0.65323865
295.200000,0.49917066
295.300000,0.17797030
295.400000,0.24244800
295.500000,0.43014636
295.600000,0.66887542
295.700000,0.62989750
295.800000,0.65135551
295.900000,0.89473303
296.000000,0.44312130
296.100000,0.62253761
296.200000,0.69032447
296.300000,0.53459969
296.400000,0.66208275
296.500000,0.40963960
296.600000,0.86868686
296.700000,0.55198046
296.800000,0.97794071
296.900000,0.67368355
297.000000,0.84405405
297.100000,0.65594166
297.200000,0.65835864
297.300000,0.58035244
297.400000,0.68856880
297.500000,0.72999391
297.600000,0.56032447
297.700000,0.65985203
297.800000,0.60132859
297.900000,1.01050876
298.000000,0.65923174
298.100000,0.90052956
298.200000,0.62851357
298.300000,0.70084860
298.400000,0.47854025
298.500000,0.62221370
298.600000,0.71929344
298.700000,0.93618270
298.800000,0.74205636
298.900000,0.91532854
299.000000,0.79562289
299.100000,0.93606091
299.200000,0.69320862
299.300000,1.06015260
299.400000,0.61631557
299.500000,0.55399737
299.600000,0.49750070
299.700000,1.02216099
299.800000,0.79944907
299.900000,0.64135031
300.000000,0.86317473
300.100000,0.79849351
300.200000,0.98827047
300.300000,0.46579334
300.400000,0.67309417
300.500000,0.62762655
300.600000,0.40784994
300.700000,0.87538970
300.800000,0.67360461
300.900000,0.82351941
301.000000,1.07162192
301.100000,0.66886738
301.200000,0.66572922
301.300000,0.75349715
301.400000,0.87206096
301.500000,0.65091011
301.600000,0.65533422
301.700000,0.91084984
301.800000,0.79119749
301.900000,0.42637540
302.000000,0.55166874
302.100000,0.94698769
302.200000,0.77782989
302.300000,0.58635883
302.400000,0.68247428
302.500000,0.71207269
302.600000,0.80075779
302.700000,0.49093586
302.800000,0.56791489
302.900000,0.74125760
303.000000,0.68070066
303.100000,0.77189697
303.200000,0.49250185
303.300000,0.72409921
303.400000,0.83455336
303.500000,0.74567410
303.600000,0.69128944
303.700000,0.65102030
303.800000,0.53601833
303.900000,0.68059891
304.000000,0.87116588
304.100000,0.65772006
304.200000,0.58168999
304.300000,0.64643568
304.400000,0.73390052
304.500000,0.65791812
304.600000,0.77588025
304.700000,0.79248006
304.800000,0.84492942
304.900000,0.91989832
305.000000,0.87511318
305.100000,0.59245533
305.200000,0.60879690
305.300000,0.73824038
305.400000,0.67665646
305.500000,0.58098001
305.600000,0.70004584
305.700000,0.69679952
305.800000,0.68887901
305.900000,0.75255360
306.000000,0.97929344
306.100000,0.83548935
306.200000,1.17808185
306.300000,0.81793186
306.400000,0.74782490
306.500000,0.79466893
306.600000,0.82758977
306.700000,0.85851620
306.800000,1.10505049
306.900000,0.67609002
307.000000,0.93976235
307.100000,0.84413387
307.200000,0.56096007
307.300000,0.93377822
307.400000,1.00667424
307.500000,0.68704361
307.600000,0.81022974
307.700000,0.54696574
307.800000,0.63553661
307.900000,0.99825455
308.000000,0.77648035
308.100000,0.67889238
308.200000,0.88712130
308.300000,0.77528594
308.400000,0.78080188
308.500000,0.96644131
308.600000,0.67604851
308.700000,0.71759090
308.800000,0.87901833
308.900000,1.00861303
309.000000,1.04155597
309.100000,0.76465430
309.200000,0.99420437
309.300000,0.72916568
309.400000,1.11443132
309.500000,0.65762965
309.600000,1.03921507
309.700000,0.72990170
309.800000,1.12203459
309.900000,0.92387062
310.000000,0.67598304
310.100000,0.72785204
310.200000,0.91128064
310.300000,0.96205554
310.400000,0.80377237
310.500000,0.83000580
310.600000,0.94357037
310.700000,0.85053025
310.800000,0.63050224
310.900000,0.69286223
311.000000,0.86561519
311.100000,1.02190722
311.200000,1.07372257
311.300000,0.94879260
311.400000,0.87141542
311.500000,0.92716536
311.600000,0.71702246
311.700000,0.78912454
311.800000,0.67711913
311.900000,0.59573776
312.000000,0.81437586
312.100000,0.78777339
312.200000,0.86213313
312.300000,0.83045842
312.400000,0.79280716
312.500000,0.83917646
312.600000,0.75626412
312.700000,0.82246536
312.800000,0.64222458
312.900000,0.80803154
313.000000,0.83774621
313.100000,0.64356461
313.200000,0.74060584
313.300000,0.65036944
313.400000,0.66093235
313.500000,0.58397935
313.600000,0.92917351
313.700000,0.89108681
313.800000,0.81648034
313.900000,1.04580062
314.000000,0.74164368
314.100000,1.22535129
314.200000,0.75857046
314.300000,0.82756290
314.400000,0.74286242
314.500000,0.84713177
314.600000,0.92172758
314.700000,0.75125757
314.800000,1.02145391
314.900000,0.79647845
315.000000,0.78548960
315.100000,0.61375053
315.200000,0.82381254
315.300000,0.73497776
315.400000,0.65227844
315.500000,0.62141300
315.600000,1.12711892
315.700000,0.68567827
315.800000,0.50793713
315.900000,0.61813960
316.000000,0.73528996
316.100000,0.81645234
316.200000,0.83442896
316.300000,0.84026680
316.400000,0.64297890
316.500000,0.80503127
316.600000,0.63619257
316.700000,0.66967195
316.800000,0.63168289
316.900000,0.59619506
317.000000,0.92766554
317.100000,0.87877727
317.200000,0.94439523
317.300000,0.80951279
317.400000,0.92699326
317.500000,0.55440455
317.600000,0.93058937
317.700000,0.83327692
317.800000,0.88863427
317.900000,0.84455268
318.000000,0.66549421
318.100000,0.58586738
318.200000,0.69494313
318.300000,0.90037984
318.400000,0.90784384
318.500000,0.59382975
318.600000,0.66690481
318.700000,0.70615758
318.800000,0.74236801
318.900000,0.59824402
319.000000,0.58454629
319.100000,0.69311697
319.200000,0.82211610
319.300000,0.64476359
319.400000,0.82585059
319.500000,0.99185272
319.600000,0.63554428
319.700000,0.80456788
319.800000,0.97902010
319.900000,0.76586987
320.000000,0.73992063
320.100000,1.01761465
320.200000,0.79780723
320.300000,1.01032697
320.400000,0.91102409
320.500000,0.78812667
320.600000,0.90490489
320.700000,0.87965568
320.800000,0.98424359
320.900000,0.74365314
321.000000,0.83603316
321.100000,0.79890775
321.200000,0.90505173
321.300000,0.64235350
321.400000,0.93846355
321.500000,0.87547669
321.600000,0.60827495
321.700000,0.98923437
321.800000,1.13737014
321.900000,0.95240193
322.000000,1.00165151
322.100000,0.79843170
322.200000,0.52521615
322.300000,0.49455498
322.400000,0.77877635
322.500000,0.63824119
322.600000,0.60747868
322.700000,0.74527789
322.800000,0.86291616
322.900000,0.56937739
323.000000,0.72809523
323.100000,1.01653305
323.200000,0.61637218
323.300000,0.92195055
323.400000,0.71961157
323.500000,0.90417853
323.600000,0.98258741
323.700000,0.95291530
323.800000,0.97627548
323.900000,0.68325509
324.000000,1.04346338
324.100000,0.73629505
324.200000,0.89737031
324.300000,0.88484022
324.400000,0.90417234
324.500000,0.89001226
324.600000,0.71059772
324.700000,0.63537750
324.800000,0.97544479
324.900000,0.85023903
325.000000,1.01027156
325.100000,0.82702597
325.200000,0.62941007
325.300000,0.99261273
325.400000,0.80864724
325.500000,0.91430506
325.600000,0.74046198
325.700000,1.08497168
325.800000,0.70931019
325.900000,0.77782932
326.000000,0.84639097
326.100000,0.66217410
326.200000,0.85952633
326.300000,1.05985279
326.400000,0.73779219
326.500000,0.86581639
326.600000,0.38863871
326.700000,0.81010038
326.800000,0.76855243
326.900000,0.69374333
327.000000,0.97350790
327.100000,0.76796818
327.200000,0.80653493
327.300000,0.78441195
327.400000,0.56177090
327.500000,0.68683008
327.600000,0.98428916
327.700000,0.51317911
327.800000,0.71232456
327.900000,0.75866348
328.000000,1.06745033
328.100000,0.89879150
328.200000,0.68382701
328.300000,0.96006134
328.400000,0.65253379
328.500000,0.90551949
328.600000,0.55133004
328.700000,0.91100429
328.800000,0.70224245
328.900000,0.60700736
329.000000,0.73712742
329.100000,0.81379915
329.200000,0.68122041
329.300000,0.83749780
329.400000,0.65218821
329.500000,0.83145570
329.600000,0.79585158
329.700000,0.72502337
329.800000,0.65190623
329.900000,0.74108111
330.000000,0.80781704
330.100000,1.02550000
330.200000,0.84803318
330.300000,0.85379162
330.400000,1.17293972
330.500000,0.80568218
330.600000,0.78326897
330.700000,0.80530148
330.800000,0.58206787
330.900000,0.66361035
331.000000,0.63163828
331.100000,0.79777517
331.200000,0.64134041
331.300000,0.69115115
331.400000,0.84331325
331.500000,0.79878772
331.600000,0.63946827
331.700000,0.57437101
331.800000,0.82421890
331.900000,0.75421251
332.000000,0.39451293
332.100000,0.57951034
332.200000,0.64784435
332.300000,0.72473648
332.400000,0.74705901
332.500000,0.65139889
332.600000,0.70325040
332.700000,0.62754859
332.800000,0.51939060
332.900000,0.56398300
333.000000,0.61199244
333.100000,0.60003148
333.200000,0.32045825
333.300000,0.55631086
333.400000,0.61579098
333.500000,0.58142884
333.600000,0.60400448
333.700000,0.72332016
333.800000,0.47657043
333.900000,0.36803216
334.000000,0.57301904
334.100000,0.74125829
334.200000,0.87089172
334.300000,0.74922074
334.400000,0.40138324
334.500000,0.58173785
334.600000,0.66144678
334.700000,0.63628706
334.800000,0.68929030
334.900000,0.48396692
335.000000,0.63385906
335.100000,0.70219513
335.200000,0.77666058
335.300000,0.53210507
335.400000,0.57320837
335.500000,0.20619998
335.600000,0.52777335
335.700000,0.52378739
335.800000,0.44565164
335.900000,0.62755290
336.000000,0.61201412
336.100000,0.27468361
336.200000,0.63823004
336.300000,0.46608587
336.400000,0.68245879
336.500000,0.41553680
336.600000,0.62496669
336.700000,0.56846148
336.800000,0.65790319
336.900000,0.63654506
337.000000,0.57482304
337.100000,0.39279334
337.200000,0.40350050
337.300000,0.54702480
337.400000,0.63575511
337.500000,0.55033675
337.600000,0.72782703
337.700000,0.58465284
337.800000,0.49653683
337.900000,0.60726042
338.000000,0.67063826
338.100000,0.68772235
338.200000,0.89232120
338.300000,0.50340065
338.400000,0.60430758
338.500000,0.67780623
338.600000,0.61184914
338.700000,0.50413329
338.800000,0.34219039
338.900000,0.50207305
339.000000,0.42328635
339.100000,0.33695898
339.200000,0.47413506
339.300000,0.43449526
339.400000,0.66320159
339.500000,0.66340313
339.600000,0.42257856
339.700000,0.49701172
339.800000,0.24434746
339.900000,0.46709708
340.000000,0.61790863
340.100000,0.68450055
340.200000,0.44770085
340.300000,0.69100953
340.400000,0.31717087
340.500000,0.33137411
340.600000,0.61837005
340.700000,0.76199358
340.800000,0.58816607
340.900000,0.49944227
341.000000,0.15422053
341.100000,0.17057792
341.200000,0.48443131
341.300000,0.40209336
341.400000,0.30162818
341.500000,0.46283011
341.600000,0.47394168
341.700000,0.60029392
341.800000,0.49070735
341.900000,0.65293858
342.000000,0.47943210
342.100000,0.45892610
342.200000,0.64114589
342.300000,0.31675764
342.400000,0.85409155
342.500000,0.49280362
342.600000,0.49887358
342.700000,0.52627962
342.800000,0.72284650
342.900000,0.57808881
343.000000,0.21299577
343.100000,0.66938527
343.200000,0.41492586
343.300000,0.50281849
343.400000,0.29111278
343.500000,0.55415286
343.600000,0.35959867
343.700000,0.49101866
343.800000,0.43849530
343.900000,0.77535880
344.000000,0.82140638
344.100000,0.53500484
344.200000,0.52205667
344.300000,0.45415272
344.400000,0.66443272
344.500000,0.44450338
344.600000,0.42586969
344.700000,0.62887492
344.800000,0.38468174
344.900000,0.47893337
345.000000,0.25104618
345.100000,0.59122568
345.200000,0.78587883
345.300000,0.60864540
345.400000,0.72309976
345.500000,0.38519454
345.600000,0.54922572
345.700000,0.38040575
345.800000,0.49681225
345.900000,0.64882143
346.000000,0.54567806
346.100000,0.33693359
346.200000,0.34590056
346.300000,0.34073610
346.400000,0.62665548
346.500000,0.85526708
346.600000,0.74041777
346.700000,0.24746503
346.800000,0.73917759
346.900000,0.64903870
347.000000,0.26902570
347.100000,0.45859513
347.200000,0.68365506
347.300000,0.60860442
347.400000,0.29854072
347.500000,0.59427194
347.600000,0.17539771
347.700000,0.46809643
347.800000,0.67210365
347.900000,0.50191702
348.000000,0.42315042
348.100000,0.63118390
348.200000,0.66018760
348.300000,0.71030486
348.400000,0.65803670
348.500000,0.70043043
348.600000,0.65622504
348.700000,0.56473862
348.800000,0.55179527
348.900000,0.49734515
349.000000,0.35972759
349.100000,0.38667571
349.200000,0.47350938
349.300000,0.57580604
349.400000,0.74428631
349.500000,0.53570811
349.600000,0.69398018
349.700000,0.70037465
349.800000,0.50328233
349.900000,0.61164975
350.000000,0.48581196
350.100000,0.68772867
350.200000,0.58009946
350.300000,0.31731399
350.400000,0.52322554
350.500000,0.72848762
350.600000,0.46436400
350.700000,0.55868071
350.800000,0.56695906
350.900000,0.33860391
351.000000,0.56875706
351.100000,0.26914766
351.200000,0.40661303
351.300000,0.66166764
351.400000,0.55290602
351.500000,0.44891964
351.600000,0.57578005
351.700000,0.49355852
351.800000,0.48597937
351.900000,0.57453125
352.000000,0.38288460
352.100000,0.50808581
352.200000,0.45219493
352.300000,0.27773372
352.400000,0.38654117
352.500000,0.75670142
352.600000,0.57724804
352.700000,0.32501311
352.800000,0.28257555
352.900000,0.49691818
353.000000,0.75168291
353.100000,0.46930761
353.200000,0.69115942
353.300000,0.54432243
353.400000,0.57461720
353.500000,0.28149759
353.600000,0.61796603
353.700000,0.42137674
353.800000,0.61266126
353.900000,0.36060934
354.000000,0.53090537
354.100000,0.56515497
354.200000,0.48438686
354.300000,0.57110954
354.400000,0.46627937
354.500000,0.41925272
354.600000,0.74150782
354.700000,0.64820389
354.800000,0.38225953
354.900000,0.59642496
355.000000,0.37339287
355.100000,0.32364565
355.200000,0.65479814
355.300000,0.22156528
355.400000,0.58024788
355.500000,0.38501851
355.600000,0.39101841
355.700000,0.48348231
355.800000,0.51685785
355.900000,0.29919271
356.000000,0.51756654
356.100000,0.42201624
356.200000,0.21706577
356.300000,0.38282209
356.400000,0.60608514
356.500000,0.66125986
356.600000,0.50997615
356.700000,0.21344575
356.800000,0.45913961
356.900000,0.52613579
357.000000,0.50582930
357.100000,0.50644208
357.200000,0.45436169
357.300000,0.41478336
357.400000,0.33696628
357.500000,0.15839719
357.600000,0.50652672
357.700000,0.47628070
357.800000,0.53238876
357.900000,0.23279029
358.000000,0.52777504
358.100000,0.73175002
358.200000,0.43056114
358.300000,0.40060509
358.400000,0.45282008
358.500000,0.71776707
358.600000,0.25799545
358.700000,0.41971117
358.800000,0.26038807
358.900000,0.28011319
359.000000,0.35771407
359.100000,0.57335091
359.200000,0.64453959
359.300000,0.43222347
359.400000,0.31153519
359.500000,0.73635386
359.600000,0.28471115
359.700000,0.27213709
359.800000,0.10144236
359.900000,0.58854430
360.000000,0.51712722
360.100000,0.76877356
360.200000,0.19181123
360.300000,0.62686737
360.400000,0.41259113
360.500000,0.52035805
360.600000,0.12328231
360.700000,0.58709820
360.800000,0.48601651
360.900000,0.35734190
361.000000,0.48107957
361.100000,0.25559878
361.200000,0.27680408
361.300000,0.28340493
361.400000,0.06830712
361.500000,0.48791703
361.600000,0.55518868
361.700000,0.26289851
361.800000,0.41171449
361.900000,0.30582742
362.000000,0.41063501
362.100000,0.28076938
362.200000,0.24118042
362.300000,0.51481223
362.400000,0.33180046
362.500000,0.64680494
362.600000,0.35708715
362.700000,0.18649521
362.800000,0.50565233
362.900000,0.43571078
363.000000,0.44757157
363.100000,0.53506640
363.200000,0.26640541
363.300000,0.33228550
363.400000,0.32220397
363.500000,0.15282513
363.600000,0.29552845
363.700000,0.52394547
363.800000,0.37723049
363.900000,0.12805225
364.000000,0.10958677
364.100000,0.58750128
364.200000,0.32398935
364.300000,0.24722780
364.400000,0.29611786
364.500000,0.12249531
364.600000,0.53305859
364.700000,0.26597287
364.800000,0.50047868
364.900000,0.30045404
365.000000,0.51744700
365.100000,0.34904892
365.200000,0.42300872
365.300000,0.38891181
365.400000,0.36633744
365.500000,0.32732855
365.600000,0.21588757
365.700000,0.53803170
365.800000,0.11847310
365.900000,0.25182335
366.000000,0.25977393
366.100000,0.32065185
366.200000,0.18942499
366.300000,0.27788356
366.400000,0.20700619
366.500000,-0.01633721
366.600000,0.21550840
366.700000,0.05480025
366.800000,-0.02320481
366.900000,0.25708733
367.000000,0.31644761
367.100000,0.30499606
367.200000,0.31407324
367.300000,-0.06154959
367.400000,0.03899696
367.500000,0.53275221
367.600000,0.07680303
367.700000,0.33827627
367.800000,0.14256507
367.900000,0.24431053
368.000000,0.16805108
368.100000,0.33438728
368.200000,0.26995582
368.300000,0.18641649
368.400000,0.09940555
368.500000,0.29488057
368.600000,0.07064950
368.700000,0.31392029
368.800000,0.63043967
368.900000,0.46485507
369.000000,0.36750185
369.100000,0.25413175
369.200000,-0.02779589
369.300000,0.06047689
369.400000,0.44583345
369.500000,0.11641296
369.600000,0.12812110
369.700000,0.20333725
369.800000,0.08299618
369.900000,0.04398741
370.000000,0.21356584
370.100000,0.05668625
370.200000,0.09663324
370.300000,0.08023448
370.400000,0.28257476
370.500000,0.18110381
370.600000,0.18744340
370.700000,0.28730934
370.800000,0.16015167
370.900000,0.15009672
371.000000,0.24733521
371.100000,0.28176165
371.200000,0.16090314
371.300000,0.19964092
371.400000,0.07600023
371.500000,0.05302226
371.600000,0.28585051
371.700000,0.24585882
371.800000,0.23992014
371.900000,0.18081174
372.000000,0.15345914
372.100000,0.23861530
372.200000,0.28008546
372.300000,0.29327721
372.400000,0.14173747
372.500000,0.37691226
372.600000,0.20503802
372.700000,0.28473450
372.800000,0.21950597
372.900000,0.21420522
373.000000,0.07492935
373.100000,0.28826983
373.200000,0.62374799
373.300000,0.13561010
373.400000,0.22737102
373.500000,0.17531740
373.600000,0.17249006
373.700000,0.48405168
373.800000,0.16579867
373.900000,0.18144588
374.000000,-0.00124997
374.100000,0.13836922
374.200000,-0.00090114
374.300000,0.34747148
374.400000,0.67284884
374.500000,0.16931994
374.600000,-0.02791868
374.700000,0.34811840
374.800000,0.11515657
374.900000,0.43109772
375.000000,0.20087148
375.100000,0.15320899
375.200000,0.20337955
375.300000,0.35088742
375.400000,0.21072058
375.500000,0.18532728
375.600000,0.25548977
375.700000,0.07428550
375.800000,0.32001680
375.900000,-0.01639413
376.000000,0.18712673
376.100000,0.36787355
376.200000,0.29667402
376.300000,0.35215612
376.400000,0.24069421
376.500000,0.41347953
376.600000,0.36449178
376.700000,0.28844412
376.800000,0.34597175
376.900000,0.31888056
377.000000,0.13847162
377.100000,-0.00657187
377.200000,0.26861248
377.300000,0.28681754
377.400000,0.38128672
377.500000,0.07498713
377.600000,0.07924033
377.700000,0.27749664
377.800000,0.19781199
377.900000,-0.06577043
378.000000,0.26848403
378.100000,-0.05936469
378.200000,0.06701730
378.300000,0.42072660
378.400000,0.48480737
378.500000,0.03900722
378.600000,0.17273867
378.700000,0.24685222
378.800000,0.49385407
378.900000,0.13508557
379.000000,0.13014870
379.100000,0.41743480
379.200000,0.11237478
379.300000,0.28444202
379.400000,-0.04544983
379.500000,0.14474053
379.600000,-0.08309763
379.700000,0.00041997
379.800000,0.30447967
379.900000,0.16234759
380.000000,0.10616193
380.100000,0.07132796
380.200000,0.14801292
380.300000,0.25080359
380.400000,0.34681958
380.500000,-0.18417804
380.600000,0.09787615
380.700000,0.24030874
380.800000,0.19275978
380.900000,0.27705209
381.000000,0.26363540
381.100000,0.16090685
381.200000,0.11412782
381.300000,0.12595342
381.400000,0.34229464
381.500000,0.05710017
381.600000,0.15559455
381.700000,0.17227956
381.800000,0.36571364
381.900000,0.08093925
382.000000,0.26179858
382.100000,0.30424853
382.200000,0.11695009
382.300000,0.12220074
382.400000,0.10427033
382.500000,0.12869974
382.600000,0.28530952
382.700000,0.17178568
382.800000,0.16826002
382.900000,-0.05492962
383.000000,-0.03103353
383.100000,0.42630155
383.200000,0.05471941
383.300000,-0.01393022
383.400000,0.31055971
383.500000,0.11857469
383.600000,0.17386470
383.700000,0.05775103
383.800000,0.04379912
383.900000,0.05742140
384.000000,-0.13098214
384.100000,0.06743745
384.200000,0.13221016
384.300000,0.37465648
384.400000,0.10896996
384.500000,-0.24765305
384.600000,0.09738323
384.700000,0.52487350
384.800000,0.24225092
384.900000,-0.02662090
385.000000,0.19092851
385.100000,-0.00847340
385.200000,-0.10514590
385.300000,0.06106302
385.400000,0.10997338
385.500000,-0.16479047
385.600000,-0.05654832
385.700000,0.12124613
385.800000,0.05378929
385.900000,0.15429208
386.000000,-0.08874518
386.100000,0.20464907
386.200000,-0.07185715
386.300000,0.34980046
386.400000,-0.18022390
386.500000,-0.10518324
386.600000,0.14598976
386.700000,0.31996869
386.800000,0.13477475
386.900000,0.16079795
387.000000,0.07687032
387.100000,-0.07215748
387.200000,-0.00150080
387.300000,-0.09059992
387.400000,-0.09965122
387.500000,0.15800782
387.600000,-0.07388250
387.700000,0.15049195
387.800000,-0.07370906
387.900000,0.16450638
388.000000,0.06756309
388.100000,0.34457866
388.200000,0.19137332
388.300000,0.33411229
388.400000,0.02263486
388.500000,0.14702909
388.600000,-0.00840710
388.700000,0.06653688
388.800000,0.09361807
388.900000,0.02587044
389.000000,-0.04838730
389.100000,-0.07885240
389.200000,-0.21880714
389.300000,-0.03064929
389.400000,0.22366478
389.500000,-0.11790106
389.600000,-0.05140299
389.700000,0.40559822
389.800000,0.03453220
389.900000,0.17215460
390.000000,0.24489119
390.100000,0.21214092
390.200000,-0.11041406
390.300000,0.08631485
390.400000,-0.11769706
390.500000,0.50688082
390.600000,-0.08464819
390.700000,-0.00794442
390.800000,-0.00447030
390.900000,-0.09518847
391.000000,0.33344880
391.100000,0.48445903
391.200000,0.04755289
391.300000,-0.09931268
391.400000,-0.23186956
391.500000,0.04675413
391.600000,0.03775504
391.700000,-0.02714264
391.800000,0.09362238
391.900000,0.13360885
392.000000,0.12991038
392.100000,0.04787960
392.200000,-0.05116822
392.300000,0.20473596
392.400000,0.12478571
392.500000,0.23863621
392.600000,0.23290712
392.700000,-0.10472858
392.800000,-0.11770120
392.900000,-0.00846534
393.000000,-0.04217462
393.100000,0.24059618
393.200000,0.18264318
393.300000,0.29646782
393.400000,0.19744564
393.500000,0.17297522
393.600000,0.32819352
393.700000,0.22120115
393.800000,0.17113060
393.900000,0.36351691
394.000000,0.15721081
394.100000,0.07773643
394.200000,0.00109446
394.300000,0.25198493
394.400000,0.32645967
394.500000,0.13490100
394.600000,0.34781430
394.700000,-0.16862798
394.800000,0.11235095
394.900000,0.11908890
395.000000,-0.01864995
395.100000,0.43631666
395.200000,0.08207890
395.300000,0.04294415
395.400000,0.11254990
395.500000,-0.18112011
395.600000,0.00796301
395.700000,0.27615394
395.800000,0.03059829
395.900000,0.00205857
396.000000,0.31529025
396.100000,0.33512136
396.200000,0.22995049
396.300000,0.10075327
396.400000,0.12826291
396.500000,0.03217578
396.600000,0.01896599
396.700000,0.01810637
396.800000,0.08606370
396.900000,0.01602013
397.000000,-0.05815953
397.100000,0.19634330
397.200000,0.20629099
397.300000,0.44282721
397.400000,0.10709008
397.500000,0.26031822
397.600000,0.24628576
397.700000,0.16373120
397.800000,0.33919305
397.900000,0.33346405
398.000000,0.26564116
398.100000,0.19520583
398.200000,0.18738788
398.300000,0.06567618
398.400000,0.14121717
398.500000,0.15698664
398.600000,0.09644151
398.700000,0.31673532
398.800000,0.42793969
398.900000,0.11150839
399.000000,0.30272584
399.100000,0.11252417
399.200000,0.22744730
399.300000,0.16486701
399.400000,0.37334085
399.500000,0.22960816
399.600000,0.49153084
399.700000,0.30417972
399.800000,0.22808293
399.900000,0.12993792
400.000000,0.35340986
400.100000,0.46335674
400.200000,0.36993924
400.300000,0.68616199
400.400000,0.57983136
400.500000,0.31738809
400.600000,0.30137378
400.700000,0.43564081
400.800000,0.23895477
400.900000,0.51894289
401.000000,0.40684889
401.100000,0.40344588
401.200000,0.43896920
401.300000,0.58451597
401.400000,0.35046935
401.500000,0.31674412
401.600000,0.55387916
401.700000,0.46277807
401.800000,0.27828457
401.900000,0.32164964
402.000000,0.35674347
402.100000,0.36843008
402.200000,0.09450017
402.300000,0.07574069
402.400000,0.17709511
402.500000,0.17662232
402.600000,0.21842837
402.700000,0.40072730
402.800000,0.29656996
402.900000,0.33315302
403.000000,0.13512584
403.100000,0.26543108
403.200000,0.43314713
403.300000,0.42610766
403.400000,0.21844043
403.500000,0.34891520
403.600000,0.63901254
403.700000,0.29506535
403.800000,0.20152381
403.900000,0.28728968
404.000000,0.31464570
404.100000,0.28631734
404.200000,0.30980104
404.300000,0.11616586
404.400000,0.19517794
404.500000,0.32993520
404.600000,0.33333022
404.700000,0.28501118
404.800000,0.32800212
404.900000,0.36230546
405.000000,0.48615745
405.100000,0.33499867
405.200000,0.41513256
405.300000,0.28169959
405.400000,0.45352107
405.500000,0.42200293
405.600000,0.48674718
405.700000,0.47711993
405.800000,0.46266800
405.900000,0.34743168
406.000000,0.39667092
406.100000,0.49859678
406.200000,0.24174370
406.300000,0.24297316
406.400000,0.35761544
406.500000,0.41176788
406.600000,0.21204610
406.700000,0.33298441
406.800000,0.35639948
406.900000,0.05119449
407.000000,0.35022894
407.100000,0.34602154
407.200000,0.32929053
407.300000,0.56084299
407.400000,0.15790210
407.500000,0.20800389
407.600000,-0.06398785
407.700000,0.25453705
407.800000,0.27321056
407.900000,0.24126697
408.000000,0.47578822
408.100000,0.43687318
408.200000,0.31717324
408.300000,0.27199986
408.400000,0.48436722
408.500000,0.30817202
408.600000,0.19347337
408.700000,0.06538453
408.800000,0.25518313
408.900000,0.42007608
409.000000,0.66951700
409.100000,0.32449914
409.200000,0.20844353
409.300000,0.14796268
409.400000,0.41577042
409.500000,0.08882708
