d0,10.0,13.14147362611756,17.26983290659435,22.695105366946684,29.82471286216891,39.19406774847219,51.50678076168121,67.68750009458533,88.95134973108236,116.89518164985776,153.6174946671828,201.87602546790387,265.29484644318944,348.63652276780874,458.1597669054491,602.0894493336131,791.2342618981326,1039.79841848149,1366.4483492953257,1795.7144943716407,2359.8334667821937,3101.1689265747787,4075.392965871778,5355.666917706902,7038.135554931554,9249.147277217335,12154.742500762884,15973.122800602525,20991.037201085543,27585.316176291868,36251.17049988535,47639.38010401341,62605.16572014828,82272.41341700473,108118.07510766077,142083.08325339237,186718.10912919207,245375.11066398167,322459.0545296398,423758.71606040635,556881.3990945267,731824.2219076181,961724.8711152964,1263848.202934297,1660882.7826277164,2182644.728397487,2868316.813342015,3769390.9753883635,4953535.20895917,6509675.230458177,8554672.535565684,11242100.350620862,14773776.525985127,19414919.457438815,25514065.200312875,33529241.4924956,44062364.277735725,57904439.80602483,76094966.85459884,100000000.0
0.01,-4.435842471903015,-4.575644313499652,-4.715738492144737,-4.856018855822185,-4.996358038224571,-5.136614407543675,-5.276664070490369,-5.416408279812458,-5.555785251657653,-5.694769420875673,-5.833372578992567,-5.971611950430088,-6.1095421569443715,-6.247200676552893,-6.384639868909289,-6.521891908527323,-6.659000737392489,-6.795989124959306,-6.9328888863674365,-7.0697230131263495,-7.206494769525307,-7.3432254030958575,-7.479927222360857,-7.616600835506688,-7.753255370676925,-7.88989376704194,-8.026525837380177,-8.1631465839273,-8.299760290439735,-8.436374946741125,-8.572981292272743,-8.70957818347597,-8.846183233468764,-8.982782584156666,-9.119383860292146,-9.255975244250294,-9.392578010319994,-9.529170698129747,-9.665764122313703,-9.80236193356177,-9.938951977474062,-10.075550054214546,-10.212144432847708,-10.348741893034457,-10.485336361973168,-10.621927475945995,-10.758524360240699,-10.895111535577598,-11.031709380644315,-11.168301141362463,-11.304898093607335,-11.441492014502728,-11.578084665365168,-11.714680633995158,-11.851271491388616,-11.987867992855172,-12.124464013922989,-12.261052646965254,-12.39765138288567,-12.534249120380991
0.012067926406393288,-4.435842701012007,-4.57564454041858,-4.7157387166589615,-4.856019077808014,-4.996358257645625,-5.136614624465437,-5.2766642850474454,-5.416408492204937,-5.555785462151107,-5.694769629732036,-5.833372786466498,-5.971612156776246,-6.109542362384673,-6.247200881254685,-6.384640073029004,-6.521892112195928,-6.659000940719125,-6.795989328013093,-6.932889089202945,-7.069723215812701,-7.206494972080691,-7.343225605556654,-7.479927424741618,-7.616601037843793,-7.7532555729703745,-7.889893969306286,-8.026526039615419,-8.16314678614799,-8.299760492642235,-8.436375148932711,-8.572981494457053,-8.70957838566028,-8.84618343564216,-8.982782786322787,-9.119384062458266,-9.25597544642369,-9.392578212482476,-9.529170900292229,-9.665764324472548,-9.802362135724252,-9.938952179632906,-10.075550256384304,-10.212144634999277,-10.348742095200578,-10.485336564124736,-10.621927678101201,-10.758524562399543,-10.895111737743719,-11.03170958280316,-11.168301343528583,-11.30489829576618,-11.441492216654296,-11.578084867524012,-11.714680836154002,-11.85127169354746,-11.987868195014016,-12.124464216081833,-12.261052849116822,-12.397651585040876,-12.534249322536198
0.014563484775012436,-4.435842977502034,-4.5756448142528825,-4.715738987593795,-4.8560193457124115,-4.996358522450464,-5.136614886243478,-5.276664543955121,-5.416408748529648,-5.555785716169339,-5.694769881774846,-5.833373036846751,-5.971612405792257,-6.109542610291101,-6.2472011282916355,-6.384640319367463,-6.5218923579886905,-6.659001186078967,-6.795989573049155,-6.932889333991625,-7.069723460401292,-7.206495216523763,-7.343225849886949,-7.479927668984601,-7.616601282017655,-7.753255817096942,-7.889894213392836,-8.026526283672865,-8.163147030179971,-8.299760736663302,-8.436375392935588,-8.572981738445378,-8.709578629648604,-8.846183679626847,-8.98278303029656,-9.119384306428401,-9.255975690393825,-9.392578456445335,-9.529171144262364,-9.665764568439045,-9.802362379690749,-9.938952423603041,-10.075550500339887,-10.212144878965773,-10.348742339152523,-10.485336808091233,-10.621927922067698,-10.758524806358764,-10.895111981710215,-11.031709826769657,-11.16830158749508,-11.3048985397254,-11.441492460617155,-11.578085111483233,-11.714681080116861,-11.85127193750668,-11.987868438973237,-12.124464460044692,-12.261053093086957,-12.397651829003735,-12.53424956649178
0.017575106248547922,-4.435843311173812,-4.575645144712325,-4.71573931457533,-4.856019669005036,-4.9963588420105225,-5.136615202151006,-5.276664856428397,-5.41640905784152,-5.555786022712709,-5.694770185931702,-5.833373338999081,-5.971612706307496,-6.109542909478478,-6.247201426416723,-6.3846406166449015,-6.5218926546149305,-6.659001482192252,-6.795989868765901,-6.93288962940278,-7.0697237555723405,-7.20649551151655,-7.343226144745131,-7.479927963737282,-7.6166015766903,-7.753256111704104,-7.889894507952704,-8.026526578199991,-8.163147324674355,-8.299761031146772,-8.43637568739723,-8.572982032892469,-8.709578924092057,-8.846183974055748,-8.98278332472546,-9.119384600846388,-9.25597598481545,-9.392578750859684,-9.529171438676713,-9.665764862849755,-9.80236267410146,-9.93895271801739,-10.075550794757874,-10.212145173376484,-10.348742633563234,-10.485337102498306,-10.621928216474771,-10.758525100769475,-10.895112276117288,-11.031710121184005,-11.16830188190579,-11.304898834136111,-11.441492755027866,-11.578085405897582,-11.714681374523934,-11.85127223192103,-11.987868733383948,-12.124464754451765,-12.261053387497668,-12.397652123414446,-12.534249860898854
0.0212095088792019,-4.4358437138434965,-4.575645543525752,-4.715739709161426,-4.856020059152797,-4.996359227654466,-5.136615583382081,-5.2766652335049,-5.416409431130887,-5.55578639264786,-5.694770552989212,-5.833373703640973,-5.971613068970328,-6.109543270533322,-6.247201786183723,-6.384640975396906,-6.521893012573855,-6.659001839525445,-6.795990225629794,-6.932889985902875,-7.069724111777759,-7.2064958675073285,-7.3432265005722,-7.479928319437022,-7.616601932295453,-7.753256467232859,-7.889894863430527,-8.026526933634159,-8.163147680075781,-8.299761386519094,-8.436376042744087,-8.57298238822841,-8.709579279420723,-8.8461843293735,-8.982783680035936,-9.119384956149588,-9.255976340125926,-9.392579106155608,-9.529171793972637,-9.665765218152956,-9.802363029393746,-9.938953073313314,-10.075551150042884,-10.212145528665133,-10.348742988851882,-10.485337457779679,-10.621928571767057,-10.758525456054485,-10.895112631420488,-11.031710476476292,-11.168302237201715,-11.304899189428397,-11.441493110316515,-11.578085761189868,-11.71468172981622,-11.851272587220592,-11.987869088672596,-12.124465109744051,-12.26105374279723,-12.397652478699456,-12.534250216180226
0.025595479226995357,-4.43584419977924,-4.5756460247939685,-4.715740185347386,-4.8560205299836525,-4.996359693039267,-5.136616043451795,-5.276665688554203,-5.416409881610889,-5.555786839086068,-5.694770995949511,-5.8333741436872515,-5.971613506622816,-6.10954370624313,-6.24720222034739,-6.3846414083345735,-6.521893444551097,-6.6590022707641765,-6.795990656290087,-6.932890416115697,-7.069724541644973,-7.206496297116246,-7.343226929981029,-7.479928748685779,-7.616602361424157,-7.753256896285166,-7.889895292413712,-8.026527362566412,-8.163148108964378,-8.29976181537495,-8.436376471574476,-8.57298281704061,-8.709579708243837,-8.84618475816751,-8.98278410882267,-9.11938538492177,-9.255976768901746,-9.392579534920515,-9.529172222741181,-9.665765646925138,-9.802363458158652,-9.938953502089134,-10.075551578811428,-10.212145957437315,-10.34874341761315,-10.485337886544585,-10.621929000531964,-10.758525884812116,-10.895113060189033,-11.031710905233922,-11.16830266597026,-11.304899618193303,-11.441493539085059,-11.578086189958412,-11.714682158577489,-11.85127301598186,-11.98786951744114,-12.124465538494405,-12.261054171565775,-12.397652907468,-12.534250644937856
0.030888435964774818,-4.435844786195958,-4.575646605586371,-4.71574075999888,-4.8560210981777345,-4.996360254670435,-5.136616598661931,-5.276666237703466,-5.4164104252377,-5.555787377834349,-5.694771530510479,-5.833374674730294,-5.9716140347773035,-6.109544232051121,-6.247202744289098,-6.384641930795624,-6.521893965866184,-6.659002791169769,-6.795991176004463,-6.9328909352952905,-7.069725060398923,-7.206496815568244,-7.34322744819292,-7.47992926670122,-7.616602879304992,-7.753257414056861,-7.889895810112648,-8.026527880185313,-8.1631486265469,-8.299762332924729,-8.436376989084238,-8.572983334532182,-8.709580225720856,-8.846185275637254,-8.9827846262815,-9.119385902369686,-9.255977286349662,-9.39258005235024,-9.529172740174545,-9.66576616436214,-9.80236397558474,-9.938954019522498,-10.075552096237516,-10.21214647486704,-10.348743935031962,-10.485338403959759,-10.621929517958051,-10.75852640222729,-10.895113577622396,-11.03171142266001,-11.168303183399985,-11.304900135615753,-11.441494056507509,-11.578086707377224,-11.714682675999939,-11.851273533411586,-11.987870034867228,-12.124466055924131,-12.261054688991862,-12.39765342489045,-12.534251162356668
0.037275937203149395,-4.435845493884699,-4.575647306479368,-4.715741453481314,-4.85602178386398,-4.996360932429525,-5.13661726868304,-5.276666900419514,-5.416411081285332,-5.555788027992094,-5.694772175611433,-5.833375315582089,-5.9716146721402765,-6.1095448665982985,-6.247203376580728,-6.384642561297369,-6.521894594974583,-6.659003419190412,-6.795991803195648,-6.932891561835277,-7.069725686429592,-7.206497441220563,-7.343228073550563,-7.479929891840584,-7.616603504273371,-7.753258038894273,-7.889896434859111,-8.02652850485174,-8.163149251158757,-8.29976295749293,-8.436377613608784,-8.572983959031262,-8.70958085021266,-8.84618590010723,-8.982785250740562,-9.119386526810558,-9.255977910790534,-9.392580676780199,-9.529173364608141,-9.665766788795736,-9.802364600007422,-9.938954643956095,-10.075552720667474,-10.212147099289723,-10.348744559451006,-10.485339028386079,-10.621930142380734,-10.758527026642696,-10.895114202055993,-11.031712047082692,-11.168303807822667,-11.304900760042074,-11.441494680933829,-11.578087331807183,-11.714683300418983,-11.85127415784882,-11.987870659286273,-12.124466680339538,-12.261055313425459,-12.397654049305856,-12.534251786768436
0.044984326689694445,-4.435846347911138,-4.575648152302165,-4.715742290365597,-4.856022611336812,-4.996361750349024,-5.136618077249295,-5.276667700163671,-5.416411872985918,-5.555788812591345,-5.69477295411707,-5.833376088950899,-5.971615441318136,-6.10954563235282,-6.247204139624955,-6.3846433221806365,-6.521895354173466,-6.659004177075985,-6.7959925600735005,-6.932892317927326,-7.069726441914099,-7.2064981962539605,-7.343228828238352,-7.479930646244611,-7.6166042584773095,-7.753258792949055,-7.889897188793839,-8.026529258695518,-8.163150004926138,-8.299763711213018,-8.436378367277939,-8.572984712667676,-8.709581603845436,-8.846186653710902,-8.982786004322406,-9.119387280381488,-9.255978664372378,-9.392581430343853,-9.52917411816452,-9.665767542352114,-9.802365353567438,-9.938955397519749,-10.075553474216576,-10.212147852835187,-10.348745312992833,-10.48533978192063,-10.621930895929836,-10.758527780184522,-10.895114955612371,-11.031712800628156,-11.168304561382683,-11.304901513580262,-11.441495434475655,-11.578088085349009,-11.714684053971723,-11.851274911394285,-11.987871412831737,-12.124467433881364,-12.261056066981837,-12.397654802847683,-12.534252540299349
0.05428675439323859,-4.435847378535982,-4.575649173031707,-4.7157433003194456,-4.856023609925614,-4.996362737401796,-5.136619053020695,-5.2766686652939825,-5.4164128284101025,-5.555789759448089,-5.694773893599631,-5.833377022237983,-5.971616369541152,-6.10954655646492,-6.247205060448323,-6.384644240399211,-6.521896270369325,-6.659005091689323,-6.7959934734681156,-6.932893230383343,-7.069727353631606,-7.2064991074184945,-7.343229738977243,-7.4799315566633595,-7.616605168637761,-7.75325970292397,-7.8898980986305105,-8.026530168419413,-8.163150914569997,-8.299764620798669,-8.436379276798107,-8.572985622151464,-8.709582513314672,-8.84618756314012,-8.982786913744349,-9.119388189777965,-9.255979573779769,-9.392582339718501,-9.529175027550082,-9.665768451737677,-9.802366262934811,-9.938956306908949,-10.075554383594863,-10.212148762206198,-10.34874622235293,-10.485340691280726,-10.621931805289933,-10.758528689548257,-10.89511586498702,-11.031713710006443,-11.168305470757332,-11.304902422951272,-11.441496343846666,-11.578088994730933,-11.714684963335458,-11.851275820768933,-11.987872322202747,-12.12446834324146,-12.261056976363761,-12.397655712222331,-12.534253449648531
0.06551285568595508,-4.435848622273625,-4.575650404836779,-4.715744519100554,-4.856024815009732,-4.996363928559731,-5.136620230558037,-5.27666982998926,-5.416413981398364,-5.555790902086301,-5.694775027357537,-5.833378148530755,-5.971617489707569,-6.109547671661858,-6.247206171687139,-6.384645348498452,-6.521897376020206,-6.659006195419352,-6.7959945757284,-6.932894331508578,-7.069728453869175,-7.206500206986675,-7.343230838050658,-7.479932655322045,-7.616606267016323,-7.753260801073338,-7.889899196612532,-8.026531266255915,-8.163152012311912,-8.299765718464187,-8.436380374387227,-8.57298671969329,-8.70958361085286,-8.84618866063829,-8.982788011217053,-9.119389287225204,-9.25598067124156,-9.392583437140274,-9.529176124982769,-9.665769549170363,-9.802367360352946,-9.938957404337998,-10.07555548100936,-10.212149859620695,-10.348747319752874,-10.485341788677033,-10.621932902708068,-10.75852978695184,-10.89511696241243,-11.031714807417302,-11.168306568175467,-11.30490352036577,-11.441497441253887,-11.578090092141792,-11.714686060746317,-11.851276918187068,-11.987873419609969,-12.124469440645044,-12.261058073781896,-12.397656809618638,-12.534254547044839
0.07906043210907697,-4.435850123205455,-4.575651891365851,-4.715745989917195,-4.8560262692735705,-4.996365366027021,-5.136621651603491,-5.27667123552601,-5.416415372805204,-5.555792281007598,-5.694776395546796,-5.83337950771238,-5.971618841507734,-6.109549017462996,-6.247207512711611,-6.38464668573215,-6.521898710299865,-6.659007527388894,-6.795995905926247,-6.932895660338545,-7.069729781618662,-7.206501533943083,-7.343232164384972,-7.479933981179784,-7.616607592513901,-7.75326212629443,-7.889900521640811,-8.02653259111321,-8.16315333705279,-8.299767043110478,-8.436381698942569,-8.572988044186786,-8.709584935335442,-8.846189985073579,-8.98278933563779,-9.119390611602284,-9.255981995629554,-9.39258476149189,-9.529177449338022,-9.665770873532892,-9.802368684700923,-9.938958728704165,-10.075556805357337,-10.212151183965034,-10.3487486440863,-10.485343113003182,-10.621934227041493,-10.758531111274351,-10.895118286771321,-11.031716131754365,-11.168307892527082,-11.304904844699195,-11.44149876559095,-11.578091416486131,-11.714687385079742,-11.851278242535045,-11.98787474395067,-12.12447076497483,-12.261059398129873,-12.397658133948426,-12.534255871360074
0.0954095476349994,-4.435851934504171,-4.575653685267753,-4.7157477648579516,-4.856028024260013,-4.996367100739008,-5.136623366484855,-5.276672931700887,-5.416417051925237,-5.555793945059122,-5.694778046665306,-5.8333811479351425,-5.971620472832001,-6.109550641551323,-6.247209131033742,-6.384648299474065,-6.521900320476561,-6.659009134778898,-6.795997511188034,-6.932897263937775,-7.069731383911858,-7.206503135283128,-7.343233764979232,-7.479935581195605,-7.616609192093165,-7.753263725553552,-7.889902120659826,-8.02653418992486,-8.163154935711646,-8.299768641671108,-8.436383297390421,-8.572989642572793,-8.70958653370326,-8.84619158337955,-8.98279093391102,-9.119392209842772,-9.255983593877318,-9.392586359695997,-9.529179047545767,-9.665772471744276,-9.80237028288684,-9.93896032691191,-10.075558403546893,-10.212152782150952,-10.348750242254027,-10.48534471117091,-10.621935825234686,-10.758532709442079,-10.895119884979067,-11.031717729940283,-11.168309490727552,-11.304906442877837,-11.441500363776868,-11.578093014679325,-11.714688983254746,-11.851279840735515,-11.98787634213295,-12.124472363146197,-12.26106099633762,-12.397659732127067,-12.534257469516888
0.11513953993264468,-4.435854120321892,-4.5756558501088875,-4.715749906827114,-4.856030142134841,-4.9963691941484285,-5.136625435967289,-5.2766749786060245,-5.416419078253966,-5.555795953201596,-5.694780039193574,-5.8333831273412216,-5.971622441473301,-6.109552601461473,-6.247211083988077,-6.384650246902311,-6.521902263608354,-6.65901107454556,-6.795999448375369,-6.932899199131498,-7.06973331754125,-7.206505067744729,-7.343235696545889,-7.479937512052857,-7.616611122437462,-7.753265655497671,-7.889904050316545,-8.02653611932692,-8.163156864946359,-8.299770570767578,-8.436385226355924,-8.572991571454622,-8.709588462566899,-8.846193512177706,-8.982792862669157,-9.119394138557254,-9.255985522606352,-9.3925882883741,-9.529180976234784,-9.665774400433293,-9.802372211546754,-9.938962255600927,-10.075560332210443,-10.212154710821778,-10.34875217089575,-10.485346639816271,-10.621937753887323,-10.758534638080164,-10.89512181365717,-11.031719658596558,-11.16831141939474,-11.304908371526835,-11.441502292433142,-11.578094943339238,-11.714690911903745,-11.851281769406341,-11.987878270785586,-12.12447429178792,-12.261062925012084,-12.397661660776066,-12.534259398144059
0.13894954943731375,-4.4358567581293755,-4.575658462592401,-4.7157524916947295,-4.8560326979422825,-4.996371720415482,-5.136627933366981,-5.276677448768169,-5.416421523572353,-5.555798376579332,-5.694782443726581,-5.833385516027192,-5.971624817186239,-6.109554966635187,-6.247213440761698,-6.38465259701843,-6.5219046085258015,-6.6590134154103,-6.796001786133274,-6.9329015344701475,-7.069735650980874,-7.206507399780094,-7.343238027515326,-7.479939842171007,-7.616613451922603,-7.7532679845098755,-7.889906378972228,-8.026538447687926,-8.163159193092724,-8.299772898768424,-8.436387554189423,-8.572993899197172,-8.709590790280345,-8.84619583980384,-8.982795190251636,-9.119396466081525,-9.255987850156089,-9.392590615854715,-9.529183303719037,-9.665776727924822,-9.802374539016455,-9.938964583096094,-10.075562659676507,-10.21215703827329,-10.348754498321796,-10.485348967242317,-10.621940081338835,-10.758536965509848,-10.895124141148699,-11.031721986048069,-11.168313746864442,-11.304910698981985,-11.441504619877378,-11.578097270798025,-11.714693239355256,-11.851284096872405,-11.987880598244374,-12.124476619224879,-12.261065252492699,-12.397663988216664,-12.534261725551914
0.16768329368110074,-4.435859941353556,-4.575661615253921,-4.715755611043278,-4.856035782213439,-4.996374769056274,-5.13663094716685,-5.276680429691623,-5.416424474515225,-5.555801301041356,-5.694785345443961,-5.833388398630632,-5.971627684124542,-6.109557820862392,-6.2472162848644075,-6.384655433063017,-6.521907438313065,-6.6590162402935675,-6.796004607265786,-6.932904352695914,-7.069738466914714,-7.206510214025911,-7.343240840466024,-7.479942654088518,-7.616616263087053,-7.753270795092249,-7.889909189136233,-8.026541257488134,-8.163162002638273,-8.299775708124798,-8.436390363349346,-8.572996708233404,-8.709593599294749,-8.846198648716381,-8.982797999116883,-9.119399274877651,-9.255990658974042,-9.392593424588995,-9.529186112471507,-9.665779536677292,-9.802377347732545,-9.938967391852202,-10.07556546838532,-10.212159846985742,-10.348757307008782,-10.485351775918389,-10.621942890047649,-10.758539774193196,-10.89512694989753,-11.031724794760521,-11.168316555591446,-11.304913507683523,-11.441507428578916,-11.578100079514115,-11.71469604804588,-11.851286905603047,-11.987883406942274,-12.124479427904589,-12.261068061234255,-12.397666796907288,-12.53426453420252
0.20235896477251566,-4.435863782760862,-4.575665419790312,-4.715759375372727,-4.856039504207729,-4.996378448049654,-5.136634584108833,-5.276684026954172,-5.4164280356199015,-5.555804830193665,-5.694788847144082,-5.833391877251415,-5.971631143860577,-6.109561265246157,-6.247219717017288,-6.384658855517046,-6.521910853207373,-6.659019649276161,-6.796008011708182,-6.932907753631298,-7.069741865099786,-7.206513610162801,-7.343244235031307,-7.479946047424164,-7.616619655505929,-7.753274186812632,-7.889912580343662,-8.026544648262643,-8.163165393107192,-8.299779098364525,-8.436393753348966,-8.573000098105695,-8.709596989127022,-8.846202038417687,-8.982801388759981,-9.1194026644298,-9.255994048566208,-9.39259681407566,-9.52918950198,-9.665782926189422,-9.80238073720102,-9.938970781375247,-10.075568857861072,-10.212163236454217,-10.348760696433601,-10.48535516533957,-10.621946279497934,-10.7585431636071,-10.895130339387833,-11.031728184207168,-11.16831994507811,-11.30491689713017,-11.441510818029201,-11.578103468975314,-11.714699437485251,-11.851290295082435,-11.987886796385283,-12.124482817340322,-12.26107145072092,-12.39767018634302,-12.534267923598236
0.2442053094548651,-4.435868418429891,-4.575670010955946,-4.715763918015,-4.8560439957582275,-4.996382887715299,-5.136638973042864,-5.276688368008763,-5.416432333026023,-5.555809089037211,-5.694793072863831,-5.833396075126075,-5.971635318932385,-6.109565421800653,-6.24722385881978,-6.384662985601608,-6.521914974178799,-6.659023763102596,-6.7960121200667345,-6.932911857747968,-7.069745965891343,-7.206517708495085,-7.343248331464565,-7.479950142365851,-7.616623749338032,-7.753278279811639,-7.88991667272785,-8.026548740122962,-8.1631694845928,-8.299783189580921,-8.436397844277963,-8.573004188860068,-8.709601079845015,-8.846206128982885,-8.98280547925242,-9.119406754824013,-9.255998138996802,-9.392600904382562,-9.529193592301453,-9.665787016532704,-9.802384827486094,-9.938974871707615,-10.07557294813887,-10.212167326732015,-10.348764786664105,-10.485359255562798,-10.621950369764818,-10.758547253833967,-10.895134429702011,-11.031732274474052,-11.168324035377736,-11.304920987389778,-11.441514908285171,-11.578107559260388,-11.714703527737583,-11.851294385378424,-11.987890886652167,-12.124486907567189,-12.261075541024184,-12.397674276588077,-12.534272013788723
0.29470517025518095,-4.4358740125499025,-4.5756755513866665,-4.7157693998815375,-4.85604941598649,-4.996388245323033,-5.136644269408862,-5.276693606596382,-5.416437518942985,-5.555814228417148,-5.694798172276933,-5.83340114094608,-5.971640357231081,-6.109570437747607,-6.247228856955189,-6.38466796960347,-6.521919947168499,-6.659028727484838,-6.796017077856959,-6.932916810426832,-7.069750914546603,-7.206522654178116,-7.3432532748665835,-7.479955083959794,-7.616628689607751,-7.753283219062723,-7.889921611244063,-8.026553677995253,-8.16317442201398,-8.299788126674684,-8.436402781033394,-8.573009125404496,-8.709606016353064,-8.846211065290845,-8.982810415476706,-9.119411690924608,-9.256003075141052,-9.392605840381293,-9.529198528318375,-9.66579195256054,-9.802389763462998,-9.938979807746364,-10.07557788410486,-10.212172262701642,-10.348769722571888,-10.485364191459666,-10.62195530570898,-10.758552189734473,-10.89513936572257,-11.031737210429128,-11.168328971365554,-11.304925923323026,-11.441519844225695,-11.578112495226378,-11.71470846367447,-11.85129932136988,-11.987895822596329,-12.124491843482247,-12.261080477033829,-12.397679212510411,-12.534276949652849
0.35564803062231287,-4.435880763241585,-4.575682237271394,-4.715776015113079,-4.856055956817727,-4.996394710597087,-5.136650660788291,-5.276699928253947,-5.4164437770377845,-5.555820430348831,-5.694804325979931,-5.833407254103804,-5.9716464371704205,-6.109576490729523,-6.247234888451203,-6.384673984041001,-6.521925948327407,-6.659034718250041,-6.7960230606586265,-6.932922787051211,-7.0697568863251945,-7.206528622373298,-7.343259240296902,-7.479961047218239,-7.6166346512545715,-7.753289179498097,-7.889927570777218,-8.026559636760794,-8.163180380248377,-8.299794084512541,-8.436408738452883,-8.573015082569327,-8.709611973456049,-8.846217022186465,-8.982816372259549,-9.119417647561932,-9.256009031822032,-9.392611796891288,-9.529204484857473,-9.665797909110552,-9.802395719929336,-9.9389857642891,-10.075583840578474,-10.212178219160705,-10.34877567895819,-10.48537014784597,-10.62196126215349,-10.758558146120777,-10.895145322247117,-11.031743166877277,-11.168334927857359,-11.304931879763899,-11.441525800666568,-11.578118451689079,-11.71471442010079,-11.851305277861684,-11.987901779037202,-12.124497799879464,-12.261086433536548,-12.39768516892218,-12.534282905995497
0.4291934260128776,-4.435888909560163,-4.575690305395256,-4.715783997969993,-4.856063849907514,-4.996402512490022,-5.136658373514365,-5.276707556844485,-5.416451328917901,-5.5558279144679545,-5.694811751898669,-5.833414631084452,-5.971653774089646,-6.109583795092476,-6.247242166889919,-6.384681241892395,-6.52193319014259,-6.659041947532387,-6.7960302803367085,-6.932929999275075,-7.069764092710102,-7.206535824425373,-7.343266439020226,-7.479968243314943,-7.616641845408594,-7.753296372182376,-7.889934762381017,-8.026566827440547,-8.16318757028057,-8.299801274053607,-8.436415927491907,-8.573022271313675,-8.709619162131276,-8.84622421059612,-8.982823560534598,-9.11942483565872,-9.256016219987941,-9.392618984842557,-9.529211672841484,-9.665805097101838,-9.802402907833311,-9.938992952302215,-10.07559102848245,-10.212185407057405,-10.348782866771217,-10.485377335648081,-10.621968450032,-10.758565333922888,-10.895152510216576,-11.031750354755786,-11.168342115790438,-11.304939067627856,-11.441532988537801,-11.578125639589416,-11.714721607946558,-11.851312465783849,-11.987908966904797,-12.124504987699765,-12.261093621487817,-12.397692356760672,-12.5342900937394
0.517947467923121,-4.435898739957338,-4.575700041430537,-4.7157936311050435,-4.856073374707194,-4.9964119272481184,-5.1366676806756,-5.276716762477008,-5.416460441989329,-5.555836945764895,-5.694820712949877,-5.833423533091263,-5.971662627740443,-6.109592609478568,-6.247250949982117,-6.384690000140836,-6.521941929051536,-6.659050671303703,-6.796038992510148,-6.932938702477259,-7.069772788850969,-7.206544515334826,-7.343275125920627,-7.479976927039388,-7.616650526804733,-7.7533050517922675,-7.889943440688512,-8.026575504631182,-8.163196246678126,-8.299809949872724,-8.436424602710758,-8.573030946168728,-8.709627836902655,-8.846232885036443,-8.982832234825764,-9.119433509738883,-9.256024894144502,-9.392627658748097,-9.529220346787042,-9.665813771061949,-9.802411581680644,-9.939001626265963,-10.075599702326144,-10.212194080890185,-10.348791540505772,-10.485386009371723,-10.621977123832039,-10.75857400764653,-10.895161184143944,-11.03175902856674,-11.168350789670512,-11.304947741416981,-11.441541662323289,-11.578134313418559,-11.714730281732045,-11.851321139656648,-11.987917640704836,-12.124513661437959,-12.261102295389719,-12.397701030524331,-12.534298767390283
0.6250551925273969,-4.4359106024348876,-4.575711790032074,-4.715805255535088,-4.856084868421021,-4.996423288172082,-5.136678911752824,-5.276727871030744,-5.4164714388607536,-5.555847843952506,-5.694831526383496,-5.833434275282343,-5.971673311574705,-6.109603245909966,-6.247261548669485,-6.384700568843982,-6.5219524744170485,-6.6590611984102,-6.796049505628616,-6.932949204743636,-7.069783282593562,-7.20655500277644,-7.343285608520091,-7.479987405811698,-7.61666100275761,-7.753315525602375,-7.8899539129197365,-8.026585975516355,-8.163206716617424,-8.299820419117168,-8.43643507122033,-8.573041414245381,-8.709638304870168,-8.84624335261833,-8.982842702214839,-9.119443976876937,-9.256035361377144,-9.39263812565332,-9.529230813750473,-9.665824238047207,-9.802422048531298,-9.939012093258498,-10.075610169180436,-10.212204547726287,-10.348802007225459,-10.48539647607322,-10.621987590639037,-10.758584474351665,-10.895171651092824,-11.031769495377375,-11.168361256564822,-11.304958208209428,-11.44155212912301,-11.578144780258299,-11.714740748502663,-11.851331606540043,-11.98792810750092,-12.124524128172197,-12.261112762309494,-12.397711497273121,-12.534309234008106
0.7543120063354615,-4.435924916862859,-4.575725967053586,-4.715819282733719,-4.8560987378659775,-4.996436997378623,-5.1366924642716185,-5.276741275716631,-5.416484708755888,-5.555860994780232,-5.694844574929448,-5.833447237848304,-5.971686203723948,-6.109616080888372,-6.247274338082207,-6.384713322080643,-6.521965199492115,-6.659073901446391,-6.796062191788224,-6.93296187780652,-7.069795945390069,-7.206567657965934,-7.343298257852439,-7.480000050538365,-7.61667364407549,-7.753328164322738,-7.889966549744713,-8.026598610715155,-8.16321935067026,-8.299833052329632,-8.436447703548765,-8.573054046042671,-8.70965093655468,-8.84625598382263,-8.982855333193584,-9.119456607539178,-9.256047992163076,-9.392650756071816,-9.529243444216263,-9.665836868549377,-9.802434678862483,-9.939024723760667,-10.075622799504345,-10.212217178039282,-10.348814637389296,-10.485409106211591,-10.622000220912014,-10.758597104497312,-10.895184281536785,-11.031782125661266,-11.168373886939662,-11.304970838456939,-11.44156475937416,-11.578157410582207,-11.71475337873926,-11.851344236907607,-11.987940737766621,-12.124536758350587,-12.261125392724352,-12.397724127476977,-12.534321864055528
0.9102981779915217,-4.435942189767957,-4.575743074157799,-4.715836209034023,-4.856115473819955,-4.996453539984941,-5.13670881780854,-5.27675745085071,-5.4165007212614,-5.555876863596495,-5.69486032032728,-5.833462879501894,-5.971701760416181,-6.1096315685645095,-6.247289770781208,-6.384728711131174,-6.521980554556649,-6.659089229917299,-6.796077499897365,-6.932977170130471,-7.069811225297599,-7.206582928705757,-7.343313521530945,-7.480015308658039,-7.616688898073335,-7.753343415206473,-7.889981798336521,-8.026613857338816,-8.163234595915128,-8.299848296559503,-8.43646294670907,-8.573069288562692,-8.709666178925545,-8.846271225629607,-8.982870574727713,-9.119471848694957,-9.256063233449822,-9.392665996907454,-9.529258685128298,-9.665852109490515,-9.802449919610808,-9.939039964705444,-10.07563804025267,-10.21223241876578,-10.34882987794117,-10.485424346738,-10.622015461594856,-10.758612345027359,-10.895199522419716,-11.03179736634047,-11.168389127746195,-11.304986079114315,-11.441580000035174,-11.578172651312343,-11.714768619363895,-11.851359477703227,-11.987955978431273,-12.124551998909737,-12.261140633556352,-12.397739368076145,-12.53433710446916
1.0985411419875584,-4.435963032210566,-4.575763716526126,-4.715856633240037,-4.856135668342176,-4.996473501199944,-5.136728550889529,-5.276776968665217,-5.416520042828779,-5.555896011781442,-5.694879319591564,-5.83348175357969,-5.97172053196482,-6.10965025684709,-6.247308392728883,-6.38474728041183,-6.521999082822731,-6.659107726103684,-6.796095971498289,-6.9329956226793,-7.069829662887059,-7.20660135520302,-7.3433319395298895,-7.480033719926723,-7.616707304387091,-7.753361817744008,-7.890000198109192,-8.026632254735887,-8.163252991646004,-8.299866691071657,-8.43648133993338,-8.573087681026664,-8.709684571200341,-8.846289617220464,-8.982888965994789,-9.119490239510924,-9.256081624433136,-9.39268438734507,-9.52927707564595,-9.665870500044548,-9.802468309928372,-9.939058355284942,-10.075656430573872,-10.212250809057878,-10.348848268022266,-10.485442736789992,-10.622033851817832,-10.758630735086626,-10.895217912904627,-11.03181575659255,-11.168407518136519,-11.305004469315463,-11.441598390247236,-11.578191041611717,-11.714787009543215,-11.851377868078998,-11.98797436865425,-12.124570389009023,-12.261159023993969,-12.397757758219086,-12.534355494375632
1.325711365590108,-4.435988181256107,-4.575788624155393,-4.715881277636072,-4.856160035596986,-4.996497586933401,-5.136752361344406,-5.2768005193756835,-5.416543356732291,-5.555919116475707,-5.694902244609693,-5.833504527545301,-5.971743182217324,-6.109672806622257,-6.247330862457602,-6.384769686585059,-6.522021439519449,-6.659130044081394,-6.796118259822833,-6.933017888011818,-7.069851910164289,-7.206623589114315,-7.343354163160257,-7.480055935451674,-7.616729513927567,-7.753384022740647,-7.890022399769805,-8.026654453537049,-8.163275188439002,-8.29988888637672,-8.436503533688665,-8.573109873854264,-8.709706763820577,-8.84631180901124,-8.982911157378112,-9.119512430352188,-9.25610381547449,-9.392706577731587,-9.529299266123417,-9.665892690569308,-9.802490500173008,-9.939080545820616,-10.075678620807594,-10.212272999277047,-10.348870457979501,-10.485464926714485,-10.62205604196788,-10.758652925007482,-10.895240103349352,-11.031837946753512,-11.16842970846119,-11.305026659429132,-11.441620580360905,-11.578213231834525,-11.714809199616866,-11.851400058400031,-11.98799655878247,-12.124592578984448,-12.261181214380485,-12.397779948245443,-12.53437768412914
1.5998587196060572,-4.4360185258919955,-4.575818677509233,-4.7159110133652575,-4.8561894369267975,-4.996526648581494,-5.136781090845034,-5.276828935464437,-5.416571487112378,-5.555946994438273,-5.694929905759636,-5.833532006414316,-5.97177051181643,-6.109700015003909,-6.247357974261831,-6.384796721689781,-6.522048414921301,-6.659156972778874,-6.796145152733516,-6.933044753179274,-7.069878753540252,-7.206650416374032,-7.343380978021742,-7.480082740534272,-7.616756311781501,-7.753410815104871,-7.890049188114062,-8.02668123841795,-8.163301970904286,-8.299915667055757,-8.436530312494142,-8.573136651542882,-8.709733541250898,-8.84633858543748,-8.9829379333205,-9.119539205636102,-9.25613059099851,-9.392733352466166,-9.529326040978049,-9.66591946547851,-9.80251727474024,-9.939107320758922,-10.075705395371187,-10.2122997738079,-10.348897232193849,-10.485491700899729,-10.622082816407783,-10.758679699200002,-10.895266878167604,-11.031864721207967,-11.168456483130285,-11.305053433829016,-11.441647354782617,-11.578240006372653,-11.714835973984009,-11.851426833050937,-11.98802333320782,-12.124619353235175,-12.261207989118702,-12.397806722558016,-12.534404458096105
1.9306977288832496,-4.436055138245138,-4.57585493840088,-4.715946891024942,-4.856224911109166,-4.99656171292736,-5.136815754442068,-5.276863220926316,-5.416605427835748,-5.5559806305900565,-5.69496328031164,-5.833565161068691,-5.971803486372664,-6.109732843295205,-6.247390686006838,-6.384829340924625,-6.522080962116888,-6.659189463607618,-6.796177600386727,-6.933077167355805,-7.069911141436023,-7.206682784802979,-7.343413331498596,-7.480115082202246,-7.616788644751068,-7.753443141442403,-7.890081509591255,-8.02671355574057,-8.163334285298333,-8.299947979292483,-8.436562622475321,-8.573168960178009,-8.709765849565883,-8.846370892548293,-8.982970239849237,-9.11957151137176,-9.256162897028844,-9.39276565752516,-9.529358346197114,-9.665951770766696,-9.802549579617335,-9.93913962606166,-10.075737700230093,-10.2123320786377,-10.3489295366453,-10.485524005296611,-10.622115121132083,-10.758712003611436,-10.895299183321185,-11.031897025954095,-11.16848878811652,-11.305085738502385,-11.441679659459624,-11.578272311202454,-11.714868278606446,-11.851459138015343,-11.988055637917569,-12.12465165771573,-12.26124029418861,-12.397839027118607,-12.534436762241967
2.3299518105153716,-4.436099311060389,-4.575898687191511,-4.715990177453932,-4.856267710747488,-4.9966040180952405,-5.136857576086186,-5.276904586338787,-5.416646377329016,-5.556021212632913,-5.6950035467416456,-5.833605162169988,-5.971843270181125,-6.10977245063259,-6.24743015275817,-6.384868696030026,-6.522120230314613,-6.659228663804242,-6.796216748494771,-6.933116275075008,-7.069950217439327,-7.206721837330406,-7.343452365988924,-7.480154102453525,-7.6168276544885885,-7.753482143187284,-7.890120505471714,-8.026752546600619,-8.163373272622266,-8.299986964022537,-8.436601604473253,-8.573207940553402,-8.70980482957384,-8.846409871093783,-8.983009217685321,-9.119610488254693,-9.256201874257385,-9.392804633607739,-9.529397322457953,-9.665990747107571,-9.80258855545253,-9.939178602431639,-10.075776676065288,-10.212371054418327,-10.348968511974817,-10.485562980575196,-10.622154096789018,-10.758750978893659,-10.895338159505627,-11.031936001636495,-11.16852776410451,-11.305124714097474,-11.44171863507654,-11.578311286997632,-11.714907254146965,-11.851498113970592,-11.988094613541762,-12.12469063307799,-12.261279270274827,-12.397878002571815,-12.534475737214962
2.811768697974228,-4.436152602931543,-4.575951467501,-4.71604239993394,-4.856319345955853,-4.996655056736927,-5.136908031410712,-5.276954491244396,-5.41669578044457,-5.556070172435284,-5.695052125771326,-5.833653421104827,-5.97189126696685,-6.109820234509243,-6.247477767017699,-6.384916175618855,-6.522167605035065,-6.659275956499187,-6.796263978336356,-6.933163456200418,-7.069997360300476,-7.206768951877166,-7.343499458755105,-7.480201178044808,-7.616874717390601,-7.753529196445015,-7.89016755166449,-8.02679958673616,-8.163420308497734,-8.300033996765706,-8.436648633927689,-8.573254968039691,-8.709851856601745,-8.84645689637182,-8.983056242115708,-9.119657511524565,-9.256248897960177,-9.392851655913546,-9.529444344974763,-9.666037769711693,-9.802635577460023,-9.939225625079416,-10.075823698065506,-10.212418076363974,-10.349015533378406,-10.485610001898749,-10.62220111858187,-10.758798000228126,-10.895385181938764,-11.031983023465727,-11.168574786293902,-11.305171735817567,-11.441765656811185,-11.578358308957831,-11.71495427579066,-11.851545136127243,-11.988141635301872,-12.124737654521596,-12.261326292576996,-12.39792502412456,-12.534522758178355
3.393221771895326,-4.436216892525408,-4.576015139951778,-4.716105399449589,-4.856381636989681,-4.996716628109425,-5.136968899056228,-5.277014694896934,-5.4167553787629,-5.556129235937988,-5.695110729920998,-5.833711639101239,-5.971949168721039,-6.109877879414853,-6.247535207305191,-6.384973453434213,-6.522224756361538,-6.659333008843532,-6.796320954876137,-6.933220373965014,-7.070054231902759,-7.2068257893042755,-7.343556269926921,-7.480257968494698,-7.616931492539152,-7.7535859599665855,-7.890224306655,-8.02685633440342,-8.163477051035443,-8.300090735516278,-8.436705368712865,-8.573311700456543,-8.709908588469261,-8.846513626118394,-8.98311297084365,-9.119714238862798,-9.25630562580045,-9.392908382069436,-9.529501071399864,-9.666094496260484,-9.802692303273943,-9.93928235166095,-10.075880423864874,-10.212474802101497,-10.349072258450178,-10.485666726886848,-10.622257844137494,-10.758854725234414,-10.895441908262,-11.032039749050455,-11.168631512318825,-11.305228461274965,-11.441822382294049,-11.578415034709906,-11.71501100117166,-11.851601862112148,-11.98819836081384,-12.124794379655214,-12.261383018747438,-12.397981749396422,-12.534579482726258
4.094915062380423,-4.436294443759834,-4.576091946750239,-4.7161813944949245,-4.856456777401036,-4.996790900400811,-5.137042322472553,-5.277087317332189,-5.416827270986687,-5.556200483035354,-5.695181422914175,-5.833781866287609,-5.972019014410762,-6.109947415290662,-6.247604496329586,-6.385042546477052,-6.522293696812994,-6.65940182992199,-6.796389684495807,-6.933289032687753,-7.070122834935319,-7.206894351125811,-7.3436248000616615,-7.480326473636524,-7.616999979221873,-7.753654432613985,-7.890292769021471,-8.026924787936878,-8.163545498377061,-8.300159178303147,-8.436773806712154,-8.573380135600019,-8.7099770229579,-8.846582058049535,-8.983181401541515,-9.11978266787628,-9.25637405542875,-9.39297680967502,-9.5295694993074,-9.666162924309901,-9.80276073044297,-9.93935077975766,-10.075948851026624,-10.212543229179573,-10.349140684731537,-10.485735153077258,-10.62232627100093,-10.7589231514321,-10.895510336060397,-11.032108175957546,-11.168699939753424,-11.305296888029261,-11.441890809070173,-11.578483461802534,-11.71507942781318,-11.85167028950309,-11.988266787626344,-12.124862806002056,-12.261451446345745,-12.398050175906974,-12.534647908378247
4.941713361323833,-4.436387984052999,-4.5761845891065605,-4.716273057729268,-4.856547409795894,-4.996880485687143,-5.137130883864302,-5.277174912604096,-5.416913985496649,-5.556286419392563,-5.695266690923745,-5.833866572440456,-5.972103260424774,-6.110031287607853,-6.247688070925506,-6.385125884673471,-6.522376850960427,-6.659484840070945,-6.796472584333969,-6.9333718470043095,-7.070205582094786,-7.20697704856866,-7.343707459298457,-7.480409102718113,-7.617082586039032,-7.753737022510904,-7.890375346505607,-8.027007354779926,-8.163628057747701,-8.300241732169525,-8.436856354808697,-8.573462680251396,-8.710059566816199,-8.84666459881555,-8.983263940812321,-9.119865205128008,-9.256456593422627,-9.393059345216898,-9.529652035234903,-9.666245460401115,-9.802843265490083,-9.939433315914357,-10.076031386051909,-10.212625764102995,-10.349223218701809,-10.485817686916562,-10.622408805658779,-10.759005685285956,-10.895592871835106,-11.032190710666328,-11.168782475098851,-11.305379422567057,-11.441973343637073,-11.578565996751422,-11.715161962220009,-11.851752824801224,-11.988349322225986,-12.124945340048725,-12.261533981902176,-12.39813271013918,-12.534730441580905
5.963623316594643,-4.43650079796862,-4.576296320061374,-4.716383607817988,-4.856656716645375,-4.996988529663213,-5.137237692968483,-5.277280556518235,-5.417018567164632,-5.556390062589344,-5.695369528042647,-5.83396873194215,-5.972204864978266,-6.1101324414412375,-6.2477888656903815,-6.385226394340862,-6.522477138656541,-6.659584954086313,-6.79657256533028,-6.933471724856645,-7.0703053789402475,-7.207076785460231,-7.343807150100474,-7.480508757147618,-7.61718221362753,-7.7538366296903405,-7.890474938711122,-8.027106934161566,-8.163727628107154,-8.300341295886028,-8.436955911573023,-8.573562232857512,-8.710159118461888,-8.846764146746864,-8.983363486946473,-9.119964748810162,-9.256556138007,-9.393158886858146,-9.529751577319985,-9.666345002700837,-9.802942806494684,-9.939532858279563,-10.076130927045597,-10.212725304983906,-10.349322758418566,-10.4859172264878,-10.62250834621591,-10.759105224879022,-10.895692413745564,-11.032290251288941,-11.168882016489079,-11.305478962967754,-11.442072884077788,-11.578665537661436,-11.715261502471549,-11.851852366125968,-11.988448862717632,-12.125044879867346,-12.2616335235507,-12.398232250186993,-12.534829980373615
7.196856730011514,-4.4366368394075835,-4.576431055571447,-4.716516919314017,-4.856788528904872,-4.997118819042953,-5.13736649321072,-5.27740795166028,-5.417144681330683,-5.556515045052947,-5.695493538478331,-5.834091925225948,-5.972327389044949,-6.110254422012076,-6.247910413254431,-6.385347598090448,-6.522598074730922,-6.659705680736806,-6.796693131545908,-6.9335921666970535,-7.070425723100925,-7.20719705731608,-7.343927366389835,-7.480628929581144,-7.61730235369032,-7.7539567451349285,-7.8905950361076975,-8.027227016074903,-8.163847699157486,-8.300461358936445,-8.437075966223347,-8.573682282501977,-8.710279166938562,-8.846884190741548,-8.983483528780198,-9.120084787693486,-9.256676177963527,-9.393278923253092,-9.529871614267904,-9.666465039896138,-9.803062842158397,-9.939652895562176,-10.076250962680206,-10.212845340480271,-10.349442792517948,-10.486037260405283,-10.622628381323011,-10.759225258832885,-10.895812450489757,-11.032410286476079,-11.169002052600263,-11.30559899788932,-11.44219291904301,-11.578785573183268,-11.715381537207577,-11.851972402153478,-11.988568897741061,-12.125164914075867,-12.261753559963836,-12.39835228469019,-12.534950013356138
8.68511373751352,-4.436800865481928,-4.576593507059442,-4.716677653847,-4.856947455806221,-4.997275909769087,-5.137521788459708,-5.277561552753468,-5.417296737952711,-5.556665737156436,-5.6956430585814815,-5.834240460095316,-5.972475117021531,-6.11040149469045,-6.24805696383919,-6.385493734152988,-6.522743888039258,-6.659851241551223,-6.796838498925354,-6.933737384108099,-7.070570822732407,-7.207342069777951,-7.3440723118437745,-7.480773822157062,-7.617447207234363,-7.754101568993065,-7.89073983821072,-8.02737179952237,-8.163992469497316,-8.300606119624717,-8.437220716783486,-8.573827027023071,-8.710423910062673,-8.847028928459622,-8.983628263882565,-9.120229519248824,-9.256820910821261,-9.39342365182165,-9.530016343498573,-9.66660976942876,-9.803207569832011,-9.939797625196661,-10.076395690324716,-10.21299006794652,-10.34958751830709,-10.486181985976145,-10.622773108330875,-10.759369984432851,-10.895957179454854,-11.032555013567617,-11.169146780812298,-11.305743724664353,-11.442337645872612,-11.578930300696811,-11.71552626376797,-11.852117130267288,-11.988713624643424,-12.125309640003252,-12.261898288543307,-12.398497010944993,-12.535094737802865
10.481131341546853,-4.4369985961056955,-4.576789339535026,-4.716871416549111,-4.857139039409958,-4.997465279884636,-5.137708994148852,-5.27774671615407,-5.417480039497605,-5.556847393789212,-5.69582330236517,-5.8344195161844254,-5.972653200424247,-6.110578788113344,-6.248233627902664,-6.385669898503693,-6.522919663319044,-6.660026712430408,-6.797013736628287,-6.933912441032589,-7.070745737677498,-7.207516879636387,-7.344247040920891,-7.480948487507703,-7.617621825513197,-7.754276151506929,-7.890914394487481,-8.027546333294595,-8.164166987480712,-8.30078062597022,-8.437395210930845,-8.574001513887197,-8.710598395242414,-8.847203407116467,-8.983802739399835,-9.120403990466002,-9.25699538362096,-9.393598119440867,-9.530190811914508,-9.666784238215769,-9.803382036374387,-9.939972094103723,-10.07657015683435,-10.213164534256066,-10.349761982575728,-10.486356449990126,-10.622947574069258,-10.75954444848685,-10.896131647572474,-11.03272947942969,-11.169321248016786,-11.305918190129887,-11.442512111407268,-11.57910476705365,-11.71570072897157,-11.852291597348085,-11.988888090261753,-12.125484104442876,-12.262072756180714,-12.398671475806623,-12.535269200456241
12.648552168552957,-4.437236903675512,-4.577025359398249,-4.71710494186118,-4.857369938421471,-4.997693511137186,-5.137934616781422,-5.277969877362921,-5.4177009567538335,-5.557066328554356,-5.696040534348867,-5.8346353167253255,-5.972867828641029,-6.1107924642456055,-6.2484465455127065,-6.38588221383543,-6.523131509751693,-6.660238191994722,-6.797224935151462,-6.934123421680852,-7.070956547217065,-7.207727562508808,-7.344457626451913,-7.481158996208251,-7.617832277504931,-7.754486560374062,-7.891124771740579,-8.027756683441112,-8.164377318586048,-8.300990943051147,-8.437605513307062,-8.574211807484971,-8.710808686810196,-8.847413690822577,-8.984013019318809,-9.120614265219047,-9.257205660265754,-9.393808389853803,-9.530401083291508,-9.66699451002205,-9.803592305484926,-9.940182366055524,-10.076780425901234,-10.213374803079205,-10.349972248950507,-10.486566716055677,-10.623157842215733,-10.759754714596056,-10.896341918574763,-11.032939747707132,-11.16953151790949,-11.306128457952582,-11.442722379302722,-11.579315035931359,-11.715910996466846,-11.85250186711346,-11.989098358262709,-12.125694371014106,-12.26228302661184,-12.398881742872618,-12.535479464881064
15.264179671752318,-4.437524037650292,-4.57730973690559,-4.717386313688621,-4.857648145811254,-4.9979685041289486,-5.138206466639531,-5.2782387614570325,-5.417967137102096,-5.55733012019482,-5.696302274303889,-5.834895331929147,-5.97312643132318,-6.111049919756624,-6.248703087065223,-6.386138029723952,-6.523386760647554,-6.660493000847055,-6.797479405388003,-6.934377629389928,-7.071210548754607,-7.207981411436776,-7.344711358076893,-7.481412635279412,-7.61808584823666,-7.754740079151816,-7.891378252428694,-8.028010131452902,-8.164630743660382,-8.301244351234345,-8.437858903769666,-8.57446518737197,-8.711062064248836,-8.847667058795196,-8.984266382725764,-9.120867622394144,-9.257459019718226,-9.394061741801124,-9.530654436395707,-9.66724786364648,-9.80384565586428,-9.940435719869129,-10.07703377623693,-10.213628153109312,-10.350225596033852,-10.486820062760671,-10.62341119143457,-10.760008061351982,-10.89659527123149,-11.033193097082403,-11.169784869241994,-11.306381806763966,-11.442975728212332,-11.57956838602695,-11.71616434489988,-11.852755218282255,-11.989351707303285,-12.125947718341195,-12.262536378577352,-12.399135090796335,-12.53573280962155
18.420699693267142,-4.437869889610738,-4.577652268661041,-4.717725225047616,-4.857983245557989,-4.9982997320985305,-5.138533908655518,-5.27856263115973,-5.418287750107993,-5.55764785597421,-5.696617538797,-5.835208518943546,-5.973437916934927,-6.111360023576708,-6.249012090022006,-6.386446158594481,-6.5236942089832155,-6.660799916749966,-6.797785913422558,-6.934683821204089,-7.071516492222145,-7.208287171095435,-7.3450169764473685,-7.481718142153113,-7.618391272797453,-7.755045441139373,-7.891683568526787,-8.028315408198978,-8.16493599277237,-8.30154957999548,-8.438164111194055,-8.57477038205252,-8.711367255993537,-8.847972239131195,-8.984571557553863,-9.121172789735283,-9.257764189802401,-9.394366902837646,-9.530959598825575,-9.667553026705718,-9.804150815005414,-9.940740883146646,-10.077338935323496,-10.213933311839355,-10.35053075120959,-10.4871252174853,-10.623716349175083,-10.760313216145732,-10.896900433130213,-11.033498255026643,-11.170090029536368,-11.306686964024266,-11.443280885592685,-11.579873544837028,-11.716469501698157,-11.853060378369264,-11.989656864836434,-12.126252873815247,-12.262841539635701,-12.399440246990707,-12.536037961963302
22.22996482526193,-4.438286304182839,-4.5780646855600935,-4.718133282818599,-4.858386713956861,-4.998698538704048,-5.13892815680083,-5.278952578082681,-5.418673775817297,-5.558030417359987,-5.696997124650807,-5.835585603417712,-5.973812952837761,-6.1117333957517985,-6.249384136703156,-6.386817152844742,-6.52406438383332,-6.661169450522721,-6.798154956100916,-6.935052483149775,-7.071884855155076,-7.208655312693736,-7.3453849479301425,-7.482085979398107,-7.618759010936628,-7.755413103921455,-7.892051176073437,-8.02868296836823,-8.165303519661393,-8.301917082397267,-8.438531587889884,-8.575137843421544,-8.711734713804617,-8.848339683212544,-8.984938995006814,-9.121540218155133,-9.25813162153645,-9.394734323679586,-9.531327021348261,-9.667920449985104,-9.804518233573617,-9.941108306684328,-10.077706353815302,-10.214300729894603,-10.350898164990213,-10.487492630720226,-10.624083766058902,-10.760680629460694,-10.897267855005339,-11.033865672139655,-11.170457449487003,-11.307054380329646,-11.44364830203267,-11.580240963001415,-11.716836917446926,-11.853427798072516,-11.99002428145468,-12.126620287948754,-12.263208960510383,-12.399807661982777,-12.536405372338777
26.826957952797244,-4.4387874417770945,-4.5785610120001365,-4.718624363118579,-4.858872271033761,-4.9991784853664285,-5.1394026174311875,-5.279421862262097,-5.419138340883364,-5.558490813204116,-5.697453939483239,-5.8360394078772515,-5.974264291882719,-6.112182732536894,-6.249831878285477,-6.387263627835637,-6.524509872702765,-6.6616141678605345,-6.798599082412693,-6.935496151258121,-7.072328163409111,-7.209098354582238,-7.345827785095025,-7.482528655003989,-7.619201567264099,-7.755855569572304,-7.8924935752256715,-8.029125310509698,-8.165745821766905,-8.302359355002409,-8.438973829579481,-8.575580066644761,-8.712176932764123,-8.848781885637436,-8.985381189464533,-9.12198240174257,-9.258573809111112,-9.395176498139335,-9.531769197834365,-9.668362627380702,-9.804960405301244,-9.941550484403706,-10.078148525462893,-10.214742901025602,-10.351340330969833,-10.487934796037734,-10.6245259357529,-10.761122794876428,-10.897710030702001,-11.034307842121052,-11.170899622873549,-11.307496549336065,-11.444090471206437,-11.580683134241553,-11.717279085783957,-11.853869971171662,-11.990466450843087,-12.127062454346742,-12.263651135017426,-12.400249829428503,-12.536847534222034
32.374575428176435,-4.439390198123874,-4.5791579814576835,-4.719215022469143,-4.859456287002104,-4.999755753102363,-5.139973286539316,-5.279986305104103,-5.419697107554384,-5.559044565081422,-5.698003384110052,-5.836585231634672,-5.974807150232664,-6.112723182548507,-6.250370409576135,-6.38780063568629,-6.525045694434084,-6.662149061590753,-6.799133265263663,-6.936029782966216,-7.072861362281401,-7.209631233079563,-7.346360417337564,-7.483061092916614,-7.619733861723944,-7.7563877549546305,-7.8930256806415855,-8.029657347346074,-8.166277810440079,-8.302891308212565,-8.439505745587667,-8.576111960457638,-8.712708821432898,-8.849313754428294,-8.985913048669318,-9.122514247876097,-9.259105660028581,-9.39570833329708,-9.532301035422279,-9.668894466070924,-9.80549223716298,-9.942082323465002,-10.078680357219127,-10.215274732152466,-10.351872155912133,-10.488466620183317,-10.62505776517719,-10.761654619142064,-10.898241867351317,-11.03483967189095,-11.171431456736173,-11.30802837792362,-11.444622299983166,-11.581214965521212,-11.717810913556605,-11.854401804677764,-11.990998279892665,-12.127594279809273,-12.264182970218826,-12.400781656127947,-12.537379354227596
39.06939937054613,-4.440114684835862,-4.579875512354192,-4.71992496866369,-4.860158247891377,-5.000449602666777,-5.1406592045859725,-5.2806647392390005,-5.420368718980171,-5.559710148794693,-5.698663790550199,-5.837241285807977,-5.975459640019835,-6.113372777541372,-6.251017698294163,-6.388446093231323,-6.525689726280689,-6.662791978000314,-6.799775327192037,-6.936671182444115,-7.073502241495589,-7.21027172720278,-7.347000615460274,-7.483701057473809,-7.620373653833667,-7.757027415966149,-7.89366524552679,-8.030296829791041,-8.166917235001165,-8.303530690140178,-8.440145082808158,-8.576751270986279,-8.713348125791526,-8.849953034899954,-8.986552317612222,-9.123153501102934,-9.259744919014338,-9.396347573325329,-9.532940278375463,-9.669533710348333,-9.806131473240384,-9.942721568200795,-10.07931959317284,-10.215913967353117,-10.352511383665842,-10.48910584699479,-10.625696998315107,-10.762293846088141,-10.898881109176727,-11.035478905429045,-11.172070695211005,-11.308667610057455,-11.445261532364384,-11.581854200896487,-11.7184501447191,-11.855041042734229,-11.991637512583111,-12.128233508174162,-12.264822210305283,-12.401420886009873,-12.538018576065951
47.1486636345739,-4.4409847726929,-4.580737246149511,-4.720777593091043,-4.8610012818462565,-5.001282894780161,-5.141482970848301,-5.28147951720166,-5.421175302773918,-5.560509493221616,-5.699456917005591,-5.838029185157211,-5.976243258493923,-6.114152919340995,-6.25179507023131,-6.389221265915694,-6.52646318668485,-6.663564098747884,-6.800546421705803,-6.937441481339192,-7.074271915549616,-7.2110409387532854,-7.347769471522042,-7.484469633021945,-7.621142022275308,-7.757795626952429,-7.894433341054537,-8.03106482631847,-8.16768516200682,-8.304298565944919,-8.440912904912693,-8.57751906104022,-8.714115908434906,-8.850720788846957,-8.98732005770944,-9.123921222333593,-9.260512647164433,-9.39711527871259,-9.53370798726246,-9.670301420825126,-9.80689917386917,-9.943489279230562,-10.080087293656106,-10.216681666937802,-10.353279074308375,-10.489873536498635,-10.626464695415052,-10.763061535755696,-10.899648816724948,-11.036246603031032,-11.172838398728345,-11.309435305960506,-11.446029228551197,-11.582621900677623,-11.719217839457997,-11.855808745738614,-11.992405209148274,-12.129001199555205,-12.26558991575439,-12.402188579188078,-12.53878625958896
56.89866029018293,-4.442028695357294,-4.5817711452291405,-4.72180056234356,-4.862012744015374,-5.00228266828708,-5.142471314822615,-5.2824570766570105,-5.42214303054061,-5.561468534906453,-5.700408498130855,-5.838974494585273,-5.977183431568847,-6.115088920963899,-6.252727748469624,-6.390151305415202,-6.5273911717304145,-6.6644904764216335,-6.801471568069246,-6.938365673096996,-7.075195357596385,-7.211963825870043,-7.348691932107613,-7.485391757028992,-7.622063897790213,-7.758717313554371,-7.895354889147711,-8.031986255617085,-8.168606507882942,-8.305219850393769,-8.441834124925663,-8.57844024260703,-8.715037081095943,-8.8516419270818,-8.98824117933691,-9.12484232132556,-9.261433754436439,-9.398036358685204,-9.534629071444215,-9.671222506913182,-9.807820248137432,-9.944410365969816,-10.081008367746108,-10.217602739940048,-10.354200136593136,-10.49079459740824,-10.627385765459621,-10.763982596872665,-10.90056989927325,-11.037167673650401,-11.173759476452688,-11.310356374553521,-11.446950297486183,-11.583542973919975,-11.72013890665039,-11.856729822859052,-11.993326278534369,-12.129922262716718,-12.266510995796125,-12.40310964452874,-12.539707313320832
68.66488450042998,-4.443279705217719,-4.583010142421699,-4.723026460793335,-4.863224851935229,-5.003480768064037,-5.1436557170382,-5.283628554316238,-5.423302725557733,-5.562617820240121,-5.701548842494958,-5.840107322743279,-5.978310104164848,-6.116210594373115,-6.253845439030556,-6.3912658336194,-6.5285032378160395,-6.665600616193842,-6.802580232200853,-6.9394731931861315,-7.076301979221171,-7.213069782461389,-7.349797377522918,-7.4864967990797595,-7.623168642043311,-7.759821831397858,-7.896459240979311,-8.033090465087298,-8.169710617385135,-8.30632388626691,-8.442938083604531,-8.579544155192707,-8.71614098300779,-8.852745787742606,-8.989345020090695,-9.125946134947299,-9.262537578004412,-9.399140149529558,-9.535732867334445,-9.67232630507715,-9.80892403213511,-9.945514164919587,-10.08211215154006,-10.218706522431603,-10.355303906224435,-10.491898365409725,-10.628489544389595,-10.76508636511062,-10.901673693217163,-11.038271453293419,-11.174863264597661,-11.311460151748179,-11.44805407509557,-11.584646756709844,-11.721242682171578,-11.857833610280068,-11.99443005669309,-12.131026033421222,-12.26761478672779,-12.404213417827123,-12.540811072729412
82.86427728546842,-4.444776763390109,-4.584492824305926,-4.724493466655986,-4.8646753538741905,-5.004914505672787,-5.1450730620235845,-5.285030431805353,-5.424690502160956,-5.563993139036029,-5.7029134611730115,-5.84146294643142,-5.9796583611860115,-6.117552868621715,-6.255182946821151,-6.392599556878849,-6.529834014527296,-6.66692908760524,-6.8039069376536645,-6.940798529511085,-7.077626240308746,-7.214393247653788,-7.3511202309855435,-7.487819169811701,-7.624490656391572,-7.7611435747930955,-7.897780785700888,-8.034411839453242,-8.171031872101594,-8.307645052882435,-8.444259157815395,-8.58086517425545,-8.717461989301228,-8.854066744661395,-8.990665953184362,-9.127267035568366,-9.263858490518032,-9.400461022876698,-9.537053746724268,-9.673647187195456,-9.810244897318626,-9.946835047983768,-10.08343301646164,-10.220027385792491,-10.356624754211225,-10.493219211435644,-10.629810403497686,-10.766407211416663,-10.902994570275041,-11.039592313245521,-11.176184134739742,-11.312781008782622,-11.449374932628416,-11.585967620423617,-11.722563537205133,-11.85915447953812,-11.995750914873497,-12.132346882674028,-12.268935660198622,-12.405534270183125,-12.54213190845985
100.0,-4.446565232305147,-4.586264117137034,-4.726246030550101,-4.866408199752186,-5.006627322436543,-5.146766293793917,-5.286705183883896,-5.426348407319892,-5.565636160365102,-5.7045436986518325,-5.84308243724081,-5.981269050760602,-6.119156410364667,-6.256780793904909,-6.394192882442439,-6.5314238197643135,-6.668516138597624,-6.805491878785688,-6.942381834913249,-7.0792082610787475,-7.215974317565269,-7.352700570027082,-7.489398932124459,-7.626069992918929,-7.76272258759127,-7.89935956115005,-8.035990411357488,-8.172610301073291,-8.309223376585578,-8.445837371127709,-8.582443321673054,-8.719040121468424,-8.855644817838765,-8.99224399789091,-9.128845041486784,-9.265436510646396,-9.402038996220654,-9.53863172727506,-9.675225171005877,-9.811822860876418,-9.948413032914686,-10.085010979717481,-10.221605347189325,-10.358202697250817,-10.494797152114188,-10.631388359815901,-10.767985152444453,-10.904572548028227,-11.04117027058237,-11.177762104231078,-11.314358962619735,-11.45095288705852,-11.58754558225337,-11.724141488648456,-11.860732447985356,-11.997328870089405,-12.133924827219744,-12.270513633666269,-12.407112218439579,-12.543709836860216
