temperature_K,bit_rate_bits_per_s,Pmin_W
4.2,1000000.0,4.019370439110214e-17
4.2,1231121.7482038895,4.948334361676401e-17
4.2,1515660.7589006044,6.092002050044443e-17
4.2,1865962.923181746,7.499996213912392e-17
4.2,2297227.536071151,9.233408450394377e-17
4.2,2828166.780230035,1.1367449953330117e-16
4.2,3481817.6306889663,1.3994714859163995e-16
4.2,4286541.408420925,1.722919782302893e-16
4.2,5277254.352483532,2.1211240144038024e-16
4.2,6496942.604146125,2.6113619047700667e-16
4.2,7998527.3367967075,3.2149044333935633e-16
4.2,9847160.957933763,3.9579387663479186e-16
4.2,12123054.013376528,4.872704493310206e-16
4.2,14924955.45051829,5.998892474285008e-16
4.2,18374437.24610725,7.385366990228917e-16
4.2,22621169.304690264,9.092285920137941e-16
4.2,27849413.500806443,1.1193710937169831e-15
4.2,34286018.63556583,1.3780820977857522e-15
4.2,42210263.20156903,1.696586841394482e-15
4.2,51965973.02486197,2.08870495815729e-15
4.2,63976439.55748424,2.571450099568735e-15
4.2,78762786.11187062,3.165768142000133e-15
4.2,96966578.93145521,3.8974460093873834e-15
4.2,119377664.17144357,4.798230544607268e-15
4.2,146968438.61124474,5.907205976362213e-15
4.2,180936041.07387203,7.272489748619528e-15
4.2,222754295.19995564,8.95332029311532e-15
4.2,274237657.32649523,1.1022627331489515e-14
4.2,337619944.1111333,1.3570196230143317e-14
4.2,415651255.82259876,1.6706563706323906e-14
4.2,511717300.711461,2.0567813916609186e-14
4.2,629986297.838068,2.5321483025748134e-14
4.2,775589832.3389002,3.1173828449774226e-14
4.2,954845510.2782303,3.837877817929427e-14
4.2,1175531073.8783674,4.724894848602195e-14
4.2,1447221870.7411344,5.816920806090699e-14
4.2,1781706319.5457325,7.161337711957974e-14
4.2,2193497398.9050555,8.816478603424126e-14
4.2,2700462352.420682,1.0854158551249718e-13
4.2,3324597932.2709312,1.3362790650896722e-13
4.2,4092984818.452434,1.6451222187014599e-13
4.2,5038962625.06515,2.025345741896807e-13
4.2,6203576476.104281,2.493447190481306e-13
4.2,7637357916.378012,3.0697370641994156e-13
4.2,9402517429.670132,3.7792200610034677e-13
4.2,11575643695.53301,4.65268000834979e-13
4.2,14251026703.029963,5.728015545712893e-13
4.2,17544748908.334595,7.051884512377127e-13
4.2,21599721947.827213,8.681728389009679e-13
4.2,26591887445.126907,1.0688264631708913e-12
4.2,32737850959.48577,1.3158555038655308e-12
4.2,40304280305.68042,1.6199783283026385e-12
4.2,49619476030.028984,1.9943905515923633e-12
4.2,61087616075.05039,2.4553375824777145e-12
4.2,75206292695.92422,3.0228194969706824e-12
4.2,92588102539.73946,3.721458823615341e-12
4.2,113987226661.60526,4.5815688927981185e-12
4.2,140332153760.5482,5.640469104818167e-12
4.2,172765966466.90347,6.944104185013783e-12
4.2,212695938666.86917,8.54903768396413e-12
4.2,261854595847.4238,1.0524906218942874e-11
4.2,322374887814.90265,1.2957440943946913e-11
4.2,396882735463.71497,1.595218734716055e-11
4.2,488610967116.0316,1.9639084774512305e-11
4.2,601539588027.4833,2.4178104380722028e-11
4.2,740568469226.2441,2.976619013345068e-11
4.2,911729948498.494,3.6645804034463245e-11
4.2,1122450568085.306,4.5115446327245455e-11
4.2,1381873305653.628,5.5542607153397054e-11
4.2,1701254279852.5857,6.837971161849218e-11
4.2,2094451143151.4688,8.418375010943609e-11
4.2,2578524352884.2764,1.0364044560508855e-10
4.2,3174477409109.187,1.2759400657796647e-10
4.2,3908168177536.264,1.5708375643860498e-10
4.2,4811430839003.245,1.9338922884112898e-10
4.2,5923457145875.794,2.3808568549469326e-10
4.2,7292496916841.444,2.931124653485488e-10
4.2,8977951553033.332,3.608571307602581e-10
4.2,11052951411260.197,4.442590616734076e-10
4.2,13607528864243.33,5.469369926627862e-10
4.2,16752524724082.104,6.73346026564386e-10
4.2,20624397525140.883,8.289709373700913e-10
4.2,25391144336803.473,1.020564149625286e-09
4.2,31259590004822.84,1.2564387200409003e-09
4.2,38484361094874.25,1.5468290335278076e-09
4.2,47378933909631.44,1.904334863929291e-09
4.2,58329235942861.88,2.3444680668462405e-09
4.2,71810390925373.42,2.886325625063943e-09
4.2,88407334015250.62,3.5534182494144126e-09
4.2,108840191606900.31,4.374690487318668e-09
4.2,133995526965933.7,5.3857766005986944e-09
4.2,164964807409802.06,6.63054670396468e-09
4.2,203091762090473.06,8.163010249732519e-09
4.2,250030685190632.12,1.0049659449256987e-08
4.2,307818214256508.0,1.2372354310023026e-08
4.2,378961698064470.8,1.5231874467553445e-08
4.2,466547988223446.8,1.8752291922916622e-08
4.2,574377374882658.8,2.308635441497084e-08
4.2,707128477894298.1,2.8422113007013424e-08
4.2,870561247909985.6,3.4991081452842946e-08
4.2,1071766885445503.4,4.3078281369768796e-08
4.2,1319475521676703.2,5.30346090695687e-08
4.2,1624435010958865.5,6.529206063303741e-08
4.2,1999877270535287.0,8.038247583037953e-08
4.2,2462092401494620.5,9.896061416925354e-08
4.2,3031135501567576.0,1.2183256431938228e-07
4.2,3731696837732755.5,1.4999071957304103e-07
4.2,4594173134636467.0,1.8465683689512126e-07
4.2,5655986461065002.0,2.2733504785612262e-07
4.2,6963207939763890.0,2.798771215446452e-07
4.2,8572556731909307.0,3.445628111583153e-07
4.2,1.055386103036523e+16,4.241987704392727e-07
4.2,1.2993087842004172e+16,5.222403318491389e-07
4.2,1.599607301861491e+16,6.429414303286926e-07
4.2,1.9693113379074136e+16,7.915391776989644e-07
4.2,2.424462017082321e+16,9.744810962206203e-07
4.2,2.9848079169243212e+16,1.1997048707707752e-06
4.2,3.674661940736688e+16,1.4769827578320413e-06
4.2,4.523956232538058e+16,1.8183455948891881e-06
4.2,5.5695409058001016e+16,2.2386048076188052e-06
4.2,6.8567829366417656e+16,2.7559950642933235e-06
4.2,8.441534596012958e+16,3.392965461594067e-06
4.2,1.039255682936711e+17,4.177153570673114e-06
4.2,1.2794502732078734e+17,5.142584606443213e-06
4.2,1.5751590570916115e+17,6.331147750970741e-06
4.2,1.939212572065835e+17,7.794413687312302e-06
4.2,2.387406771860637e+17,9.595872204948188e-06
4.2,2.939188398646878e+17,1.1813686964496949e-05
4.2,3.6184987596427424e+17,1.4544086948465014e-05
4.2,4.454812518844988e+17,1.790554175002366e-05
4.2,5.484416576121026e+17,2.2043901861826903e-05
4.2,6.751984523072466e+17,2.7138726997367146e-05
4.2,8.312514989890666e+17,3.3411077025027086e-05
4.2,1.0233717986325171e+18,4.11331035564259e-05
4.2,1.259895277795026e+18,5.0639858359438785e-05
4.2,1.5510844769528404e+18,6.234383095226974e-05
4.2,1.9095738328780849e+18,7.675284615168562e-05
4.2,2.350917875457294e+18,9.449209813388835e-05
4.2,2.8942661247167396e+18,0.00011633127704604539
4.2,3.563193971228577e+18,0.00014321796516771873
4.2,4.386725591048494e+18,0.000176318751651486
4.2,5.400593278542374e+18,0.00021706984977430533
4.2,6.648787838417277e+18,0.000267239412936499
4.2,8.185467307068987e+18,0.00032900425324336176
4.2,1.0077306820944577e+19,0.00040504429141948356
4.2,1.2406391590588293e+19,0.0004986588361523613
4.2,1.5273778503907123e+19,0.0006139097381212132
4.2,1.8803880893409165e+19,0.0007557976300351816
4.2,2.3149866718511464e+19,0.0009304788995772636
4.2,2.8500304385181168e+19,0.001145532809514404
4.2,3.5087344559027003e+19,0.0014102903550742775
4.2,4.319679297334165e+19,0.0017362391274141323
4.2,5.318051128214197e+19,0.0021375217498420867
4.2,6.547168402004689e+19,0.0026315495134894107
4.2,8.060361408861361e+19,0.0032397578375322113
4.2,9.923286228832505e+19,0.003988536332699884
4.2,1.221677348996788e+20,0.004910373822688222
4.2,1.5040335536380222e+20,0.006045268004922553
4.2,1.851648417912154e+20,0.007442460914581308
4.2,2.279604637318982e+20,0.009162575492098476
4.2,2.8064708463098216e+20,0.011280245957882322
4.2,3.455107294592232e+20,0.013887356123838084
4.2,4.2536577327503743e+20,0.01709702614910943
4.2,5.2367705442046444e+20,0.021048520721779256
4.2,6.44710210732387e+20,0.025913291628102728
4.2,7.937167617217494e+20,0.03190241689090685
4.2,9.771619672696201e+20,0.03927575925466294
4.2,1.2030053494233194e+21,0.04835324139563543
4.2,1.4810460488806708e+21,0.05952872707831949
4.2,1.8233480008684384e+21,0.07328711054901306
4.2,2.2447633784132238e+21,0.09022535565991287
4.2,2.7635770147361627e+21,0.11107839759234985
4.2,3.4022997656780506e+21,0.13675103103157965
4.2,4.188645235435288e+21,0.1683571683922844
4.2,5.156732244854953e+21,0.2072681714737645
4.2,6.34856521630521e+21,0.255172353611805
4.2,7.815856707684091e+21,0.31414823407186715
4.2,9.622271173675075e+21,0.3867547231257194
4.2,1.1846187309026775e+22,0.47614215086064793
4.2,1.4584098829439802e+22,0.5861889571611222
4.2,1.7954801246878267e+22,0.7216699737180171
4.2,2.210454629971019e+22,0.8884635996699821
4.2,2.721338768375309e+22,1.0938068600412316
4.2,3.3502993419772367e+22,1.3466094137313707
4.2,4.124626382901331e+22,1.6578401355807697
4.2,5.077917243205382e+22,2.0410030459587745
4.2,6.2515343536896986e+22,2.5127232380302353
4.2,7.696399902471151e+22,3.093468225556328
4.2,9.475205302806547e+22,3.808436009860098
4.2,1.1665131316981984e+23,4.688648398381619
4.2,1.4361196859990715e+23,5.77229701292891
4.2,1.7680381784572013e+23,7.106400389709144
4.2,2.1766702531534548e+23,8.748844071215542
4.2,2.6797460873256894e+23,10.770892207718134
4.2,3.299093687770942e+23,13.260279644481628
4.2,4.0615859883769544e+23,16.325018657586572
4.2,5.0003068424910695e+23,20.098085509189136
4.2,6.155986501483489e+23,24.743190167624242
4.2,7.578768863625915e+23,30.46187953530691
4.2,9.33038717262036e+23,37.502282387083405
4.2,1.1486842567375547e+24,46.16987545402215
4.2,1.414170170289015e+24,56.84073778331125
4.2,1.7410156523040083e+24,69.97786846898917
4.2,2.14340223351485e+24,86.15127576512397
4.2,2.6387891048289296e+24,106.06270922995503
4.2,3.2486706558783745e+24,130.57610800642328
4.2,3.9995090972036694e+24,160.7550863625281
4.2,4.923882631706711e+24,197.90908295530159
4.2,6.061898993497547e+24,243.65017619335998
4.2,7.462935686310113e+24,299.9630308653557
4.2,9.187782428863321e+24,369.29101095549476
4.2,1.1311278765939213e+25,454.64219500351135
4.2,1.392556128874465e+25,559.7198939199778
4.2,1.7144061358519615e+25,689.0833343072544
4.2,2.110642679101546e+25,848.345479190514
4.2,2.598458104929242e+25,1044.416569421894
4.2,3.1990182847750607e+25,1285.803952799794
4.2,3.938380983288489e+25,1582.9812102183569
4.2,4.848626481239088e+25,1948.8425948979364
4.2,5.969249509970703e+25,2399.2625024049375
4.2,7.348872892180358e+25,2953.7842463608113
4.2,9.047357242349274e+25,3636.4680251968375
4.2,1.1138398264826183e+26,4476.934872467886
4.2,1.3712724343984009e+26,5511.651886787633
4.2,1.688203316700366e+26,6785.51450635327
4.2,2.0783838185797468e+26,8353.794481524441
4.2,2.5587435201685787e+26,10284.538066230394
4.2,3.1501247957553214e+26,12661.518483567039
4.2,3.878187145610719e+26,15587.870770404945
4.2,4.7745205385661314e+26,19190.566713637287
4.2,5.8780160722748755e+26,23625.924041516362
4.2,7.23655342286962e+26,29086.388908923986
4.2,8.909078300934106e+26,35808.8859624928
4.2,1.0968160052731357e+27,44085.09828737794
4.2,1.3503140378698723e+27,54274.12327329715
4.2,1.6624009789266134e+27,66818.05352645511
4.2,2.0466179993919774e+27,82261.15886907
4.2,2.519635929317003e+27,101273.50171616755
4.2,3.101978590138087e+27,124680.01047953806
4.2,3.818913304781846e+27,153496.27246764846
4.2,4.7015472240221297e+27,188972.59930315235
4.2,5.78817703770128e+27,232648.27681673053
4.2,7.125950633568367e+27,286418.35327123397
4.2,8.77291280161332e+27,352615.8637969615
4.2,1.0800523745162496e+28,434113.0586821407
4.2,1.32967596746621e+28,534446.0277228958
4.2,1.6369930016117018e+28,657968.1279708373
4.2,2.015337685941735e+28,810038.8719698994
4.2,2.481126055137755e+28,997256.4721726831
4.2,3.0545682465154193e+28,1227744.1314288797
4.2,3.76054539965816e+28,1511502.5014317913
4.2,4.629689226627258e+28,1860843.6019772629
4.2,5.699711094326076e+28,2290925.028400276
4.2,7.017038286703837e+28,2820407.6259681988
4.2,8.6388284427404e+28,3472265.1671295287
4.2,1.0635449574860068e+29,4274781.162783985
4.2,1.3093533273536067e+29,5262776.058315686
4.2,1.6119733573881556e+29,6479118.061319197
4.2,1.984535457805803e+29,7976583.154470701
4.2,2.443204762186472e+29,9820144.997825606
4.2,3.0078825180430836e+29,12089794.077338764
4.2,3.7030695840051255e+29,14884008.419918358
4.2,4.55892949998105e+29,18324026.46621134
4.2,5.6125972559549656e+29,22559107.497216493
4.2,6.909790545715645e+29,27773007.859892696
4.2,8.5067934163641e+29,34191953.98935125
4.2,1.0472898382363531e+30,42094458.16987716
4.2,1.2893412965257104e+30,51823402.93179477
4.2,1.5873361110102054e+30,63800918.41526589
4.2,1.9542040079740515e+30,78546698.21641603
4.2,2.4058630546440668e+30,96700548.42383763
4.2,2.961910329772535e+30,119050148.22782913
4.2,3.64647222321273e+30,146565226.6101775
4.2,4.4892512582185893e+30,180439638.01022133
4.2,5.526814857144591e+30,222143162.59242108
4.2,6.804181968927094e+30,273485278.6823229
4.2,8.376776400682925e+30,336693674.39941007
4.2,1.0312831606721785e+31,414510905.0357903
4.2,1.2696351276599676e+31,510313390.05723965
4.2,1.563075417945811e+31,628257912.8991235
4.2,1.924336141115976e+31,773461980.0512975
4.2,2.369092074182632e+31,952225865.0499973
4.2,2.916640776023707e+31,1172305971.665316
4.2,3.590739891061033e+31,1443251377.2664545
4.2,4.420637972028511e+31,1776818158.6779523
4.2,5.44234354830025e+31,2187479477.7520213
4.2,6.700187503509577e+31,2693053558.8102055
4.2,8.248746552614582e+31,3315476805.3291335
4.2,1.0155211276345609e+32,4081755600.7062244
4.2,1.2502301459914586e+32,5025138090.882516
4.2,1.539185522990199e+32,6186556791.4132
4.2,1.8949247718738002e+32,7616404612.407218
4.2,2.3328830978641535e+32,9376721361.45504
4.2,2.8720631177978515e+32,11543885594.9354
4.2,3.535859366535183e+32,14211928614.702482
4.2,4.353073364731865e+32,17496614401.481293
4.2,5.3591632908484485e+32,21540462509.60087
4.2,6.59778247953952e+32,26518931861.940437
4.2,8.12267350047977e+32,32648033754.37227
4.2,1e+33,40193704391.102135
20.0,1000000.0,1.913985923385816e-16
20.0,1231121.7482038895,2.3563496960363816e-16
20.0,1515660.7589006044,2.90095335716402e-16
20.0,1865962.923181746,3.5714267685297104e-16
20.0,2297227.536071151,4.396861166854465e-16
20.0,2828166.780230035,5.413071406347674e-16
20.0,3481817.6306889663,6.664149932935235e-16
20.0,4286541.408420925,8.204379915728061e-16
20.0,5277254.352483532,1.010059054478001e-15
20.0,6496942.604146125,1.243505668938127e-15
20.0,7998527.3367967075,1.5309068730445537e-15
20.0,9847160.957933763,1.884732745879961e-15
20.0,12123054.013376528,2.3203354730048597e-15
20.0,14924955.45051829,2.8566154639452416e-15
20.0,18374437.24610725,3.5168414239185316e-15
20.0,22621169.304690264,4.329659961970447e-15
20.0,27849413.500806443,5.330338541509443e-15
20.0,34286018.63556583,6.562295703741676e-15
20.0,42210263.20156903,8.078984959021342e-15
20.0,51965973.02486197,9.946214086463284e-15
20.0,63976439.55748424,1.2245000474136831e-14
20.0,78762786.11187062,1.507508639047682e-14
20.0,96966578.93145521,1.855926671136849e-14
20.0,119377664.17144357,2.2848716879082226e-14
20.0,146968438.61124474,2.8129552268391487e-14
20.0,180936041.07387203,3.463090356485489e-14
20.0,222754295.19995564,4.2634858538644374e-14
20.0,274237657.32649523,5.2488701578521494e-14
20.0,337619944.1111333,6.46199820483015e-14
20.0,415651255.82259876,7.955506526820908e-14
20.0,511717300.711461,9.79419710314723e-14
20.0,629986297.838068,1.2057849059880062e-13
20.0,775589832.3389002,1.48446802141782e-13
20.0,954845510.2782303,1.8275608656806793e-13
20.0,1175531073.8783674,2.249949927905807e-13
20.0,1447221870.7411344,2.7699622886146184e-13
20.0,1781706319.5457325,3.4101608152180825e-13
20.0,2193497398.9050555,4.198323144487678e-13
20.0,2700462352.420682,5.168646929166532e-13
20.0,3324597932.2709312,6.363233643284153e-13
20.0,4092984818.452434,7.833915327149808e-13
20.0,5038962625.06515,9.644503532841936e-13
20.0,6203576476.104281,1.1873558049910979e-12
20.0,7637357916.378012,1.461779554380674e-12
20.0,9402517429.670132,1.7996286004778417e-12
20.0,11575643695.53301,2.215561908737995e-12
20.0,14251026703.029963,2.727626450339472e-12
20.0,17544748908.334595,3.3580402439891077e-12
20.0,21599721947.827213,4.134156375718894e-12
20.0,26591887445.126907,5.089649824623291e-12
20.0,32737850959.48577,6.26597858983586e-12
20.0,40304280305.68042,7.71418251572685e-12
20.0,49619476030.028984,9.497097864725538e-12
20.0,61087616075.05039,1.1692083726084354e-11
20.0,75206292695.92422,1.4394378557003248e-11
20.0,92588102539.73946,1.7721232493406384e-11
20.0,113987226661.60526,2.1816994727610083e-11
20.0,140332153760.5482,2.685937668961031e-11
20.0,172765966466.90347,3.306716278577992e-11
20.0,212695938666.86917,4.070970325697205e-11
20.0,261854595847.4238,5.011860104258511e-11
20.0,322374887814.90265,6.170209973308053e-11
20.0,396882735463.71497,7.59627968912407e-11
20.0,488610967116.0316,9.351945130720143e-11
20.0,601539588027.4833,1.1513383038439059e-10
20.0,740568469226.2441,1.417437625402413e-10
20.0,911729948498.494,1.7450382873553924e-10
20.0,1122450568085.306,2.148354587011688e-10
20.0,1381873305653.628,2.644886054923669e-10
20.0,1701254279852.5857,3.2561767437377226e-10
20.0,2094451143151.4688,4.0087500052112417e-10
20.0,2578524352884.2764,4.935259314528026e-10
20.0,3174477409109.187,6.07590507514126e-10
20.0,3908168177536.264,7.480178878028808e-10
20.0,4811430839003.245,9.209010897196618e-10
20.0,5923457145875.794,1.1337413594985392e-09
20.0,7292496916841.444,1.3957736445168988e-09
20.0,8977951553033.332,1.7183672893345622e-09
20.0,11052951411260.197,2.1155193413019406e-09
20.0,13607528864243.33,2.6044618698227912e-09
20.0,16752524724082.104,3.2064096503065996e-09
20.0,20624397525140.883,3.947480654143291e-09
20.0,25391144336803.473,4.8598292839299325e-09
20.0,31259590004822.84,5.9830415240042864e-09
20.0,38484361094874.25,7.365852540608606e-09
20.0,47378933909631.44,9.068261256806148e-09
20.0,58329235942861.88,1.1164133651648763e-08
20.0,71810390925373.42,1.3744407738399727e-08
20.0,88407334015250.62,1.6921039282925772e-08
20.0,108840191606900.31,2.0831859463422223e-08
20.0,133995526965933.7,2.5646555240946163e-08
20.0,164964807409802.06,3.157403192364133e-08
20.0,203091762090473.06,3.8871477379678655e-08
20.0,250030685190632.12,4.7855521186938025e-08
20.0,307818214256508.0,5.891597290487154e-08
20.0,378961698064470.8,7.253273555977829e-08
20.0,466547988223446.8,8.929662820436487e-08
20.0,574377374882658.8,1.0993502102367066e-07
20.0,707128477894298.1,1.3534339527149248e-07
20.0,870561247909985.6,1.666241973944902e-07
20.0,1071766885445503.4,2.0513467318937517e-07
20.0,1319475521676703.2,2.5254575747413663e-07
20.0,1624435010958865.5,3.1091457444303523e-07
20.0,1999877270535287.0,3.8277369443037864e-07
20.0,2462092401494620.5,4.712410198535882e-07
20.0,3031135501567576.0,5.801550681875345e-07
20.0,3731696837732755.5,7.142415217763858e-07
20.0,4594173134636467.0,8.793182709291486e-07
20.0,5655986461065002.0,1.082547846933917e-06
20.0,6963207939763890.0,1.3327481978316434e-06
20.0,8572556731909307.0,1.6407752912300729e-06
20.0,1.055386103036523e+16,2.0199941449489175e-06
20.0,1.2993087842004172e+16,2.4868587230911375e-06
20.0,1.599607301861491e+16,3.0616258587080594e-06
20.0,1.9693113379074136e+16,3.769234179518878e-06
20.0,2.424462017082321e+16,4.6403861724791436e-06
20.0,2.9848079169243212e+16,5.712880337003691e-06
20.0,3.674661940736688e+16,7.0332512277716244e-06
20.0,4.523956232538058e+16,8.658788547091372e-06
20.0,5.5695409058001016e+16,1.0660022893422882e-05
20.0,6.8567829366417656e+16,1.3123786020444397e-05
20.0,8.441534596012958e+16,1.6156978388543172e-05
20.0,1.039255682936711e+17,1.9891207479395775e-05
20.0,1.2794502732078734e+17,2.4488498125920063e-05
20.0,1.5751590570916115e+17,3.0148322623670194e-05
20.0,1.939212572065835e+17,3.71162556538681e-05
20.0,2.387406771860637e+17,4.5694629547372315e-05
20.0,2.939188398646878e+17,5.6255652211890224e-05
20.0,3.6184987596427424e+17,6.925755689745245e-05
20.0,4.454812518844988e+17,8.526448452392218e-05
20.0,5.484416576121026e+17,0.00010497096124679477
20.0,6.751984523072466e+17,0.00012923203332079592
20.0,8.312514989890666e+17,0.00015910036678584323
20.0,1.0233717986325171e+18,0.00019587192169726617
20.0,1.259895277795026e+18,0.0002411421826639942
20.0,1.5510844769528404e+18,0.00029687538548699876
20.0,1.9095738328780849e+18,0.0003654897435794553
20.0,2.350917875457294e+18,0.00044996237206613494
20.0,2.8942661247167396e+18,0.0005539584621240256
20.0,3.563193971228577e+18,0.00068199031032247
20.0,4.386725591048494e+18,0.0008396131031023141
20.0,5.400593278542374e+18,0.0010336659513062157
20.0,6.648787838417277e+18,0.0012725686330309475
20.0,8.185467307068987e+18,0.0015666869202064844
20.0,1.0077306820944577e+19,0.0019287823400927786
20.0,1.2406391590588293e+19,0.0023745658864398156
20.0,1.5273778503907123e+19,0.0029233797053391103
20.0,1.8803880893409165e+19,0.0035990363335008644
20.0,2.3149866718511464e+19,0.0044308519027488735
20.0,2.8500304385181168e+19,0.005454918140544779
20.0,3.5087344559027003e+19,0.0067156683574965586
20.0,4.319679297334165e+19,0.008267805368638723
20.0,5.318051128214197e+19,0.01017867499924803
20.0,6.547168402004689e+19,0.012531188159473381
20.0,8.060361408861361e+19,0.015427418273962908
20.0,9.923286228832505e+19,0.018993030155713735
20.0,1.221677348996788e+20,0.02338273248899153
20.0,1.5040335536380222e+20,0.0287869904996312
20.0,1.851648417912154e+20,0.03544029006943479
20.0,2.279604637318982e+20,0.0436313118671356
20.0,2.8064708463098216e+20,0.05371545694229676
20.0,3.455107294592232e+20,0.06613026725637182
20.0,4.2536577327503743e+20,0.08141441023385441
20.0,5.2367705442046444e+20,0.10023105105609169
20.0,6.44710210732387e+20,0.12339662680048916
20.0,7.937167617217494e+20,0.15191627090908022
20.0,9.771619672696201e+20,0.18702742502220443
20.0,1.2030053494233194e+21,0.2302535304554068
20.0,1.4810460488806708e+21,0.2834701289443785
20.0,1.8233480008684384e+21,0.34898624070958595
20.0,2.2447633784132238e+21,0.4296445507614898
20.0,2.7635770147361627e+21,0.5289447504397611
20.0,3.4022997656780506e+21,0.6511953858646649
20.0,4.188645235435288e+21,0.8017008018680208
20.0,5.156732244854953e+21,0.9869912927322119
20.0,6.34856521630521e+21,1.2151064457705
20.0,7.815856707684091e+21,1.4959439717707959
20.0,9.622271173675075e+21,1.8416891577415206
20.0,1.1846187309026775e+22,2.2673435755268945
20.0,1.4584098829439802e+22,2.7913759864815337
20.0,1.7954801246878267e+22,3.43652368437151
20.0,2.210454629971019e+22,4.230779046047533
20.0,2.721338768375309e+22,5.208604095434435
20.0,3.3502993419772367e+22,6.412425779673193
20.0,4.124626382901331e+22,7.894476836098902
20.0,5.077917243205382e+22,9.719062123613211
20.0,6.2515343536896986e+22,11.965348752524928
20.0,7.696399902471151e+22,14.73080107407775
20.0,9.475205302806547e+22,18.13540957076237
20.0,1.1665131316981984e+23,22.326897135150563
20.0,1.4361196859990715e+23,27.487128632994807
20.0,1.7680381784572013e+23,33.840001855757826
20.0,2.1766702531534548e+23,41.66116224388353
20.0,2.6797460873256894e+23,51.28996289389587
20.0,3.299093687770942e+23,63.14418878324584
20.0,4.0615859883769544e+23,77.73818408374557
20.0,5.0003068424910695e+23,95.70516909137683
20.0,6.155986501483489e+23,117.82471508392494
20.0,7.578768863625915e+23,145.05656921574717
20.0,9.33038717262036e+23,178.5822970813495
20.0,1.1486842567375547e+24,219.85654978105782
20.0,1.414170170289015e+24,270.67017992052973
20.0,1.7410156523040083e+24,333.2279450904246
20.0,2.14340223351485e+24,410.24417031011404
20.0,2.6387891048289296e+24,505.06052014264293
20.0,3.2486706558783745e+24,621.7909905067775
20.0,3.9995090972036694e+24,765.5004112501337
20.0,4.923882631706711e+24,942.424204549055
20.0,6.061898993497547e+24,1160.238934254095
20.0,7.462935686310113e+24,1428.395385073122
20.0,9.187782428863321e+24,1758.5286235975939
20.0,1.1311278765939213e+25,2164.9628333500536
20.0,1.392556128874465e+25,2665.33282819037
20.0,1.7144061358519615e+25,3281.3492109869253
20.0,2.110642679101546e+25,4039.7403770976853
20.0,2.598458104929242e+25,4973.412235342353
20.0,3.1990182847750607e+25,6122.875965713304
20.0,3.938380983288489e+25,7538.0057629445555
20.0,4.848626481239088e+25,9280.202832847315
20.0,5.969249509970703e+25,11425.059535261606
20.0,7.348872892180358e+25,14065.639268384813
20.0,9.047357242349274e+25,17316.514405699225
20.0,1.1138398264826183e+26,21318.73748794231
20.0,1.3712724343984009e+26,26245.961365655392
20.0,1.688203316700366e+26,32311.973839777474
20.0,2.0783838185797468e+26,39779.97372154495
20.0,2.5587435201685787e+26,48973.990791573306
20.0,3.1501247957553214e+26,60292.94515984304
20.0,3.878187145610719e+26,74227.95604954734
20.0,4.7745205385661314e+26,91383.6510173204
20.0,5.8780160722748755e+26,112504.40019769694
20.0,7.23655342286962e+26,138506.61385201896
20.0,8.909078300934106e+26,170518.504583299
20.0,1.0968160052731357e+27,209929.03946370445
20.0,1.3503140378698723e+27,258448.20606331973
20.0,1.6624009789266134e+27,318181.2072688339
20.0,2.0466179993919774e+27,391719.80413842853
20.0,2.519635929317003e+27,482254.77007698826
20.0,3.101978590138087e+27,593714.3356168478
20.0,3.818913304781846e+27,730934.630798326
20.0,4.7015472240221297e+27,899869.5204912015
20.0,5.78817703770128e+27,1107848.9372225262
20.0,7.125950633568367e+27,1363896.920339209
20.0,8.77291280161332e+27,1679123.1609379116
20.0,1.0800523745162496e+28,2067205.0413435271
20.0,1.32967596746621e+28,2544981.084394742
20.0,1.6369930016117018e+28,3133181.5617658915
20.0,2.015337685941735e+28,3857327.9617614252
20.0,2.481126055137755e+28,4748840.343679443
20.0,3.0545682465154193e+28,5846400.625851807
20.0,3.76054539965816e+28,7197630.959199006
20.0,4.629689226627258e+28,8861160.009415537
20.0,5.699711094326076e+28,10909166.801906073
20.0,7.017038286703837e+28,13430512.504610468
20.0,8.6388284427404e+28,16534596.033950135
20.0,1.0635449574860068e+29,20356100.775161833
20.0,1.3093533273536067e+29,25060838.372931834
20.0,1.6119733573881556e+29,30852943.149139028
20.0,1.984535457805803e+29,37983729.307003334
20.0,2.443204762186472e+29,46762595.22774097
20.0,3.0078825180430836e+29,57570447.98732744
20.0,3.7030695840051255e+29,70876230.5710398
20.0,4.55892949998105e+29,87257268.88672067
20.0,5.6125972559549656e+29,107424321.41531661
20.0,6.909790545715645e+29,132252418.3804414
20.0,8.5067934163641e+29,162818828.52072024
20.0,1.0472898382363531e+30,200449800.8089388
20.0,1.2893412965257104e+30,246778109.19902268
20.0,1.5873361110102054e+30,303813897.2155518
20.0,1.9542040079740515e+30,374031896.26864773
20.0,2.4058630546440668e+30,460478802.01827437
20.0,2.961910329772535e+30,566905467.7515672
20.0,3.64647222321273e+30,697929650.5246546
20.0,4.4892512582185893e+30,859236371.4772443
20.0,5.526814857144591e+30,1057824583.7734336
20.0,6.804181968927094e+30,1302310850.8682044
20.0,8.376776400682925e+30,1603303211.425762
20.0,1.0312831606721785e+31,1973861452.5513823
20.0,1.2696351276599676e+31,2430063762.1773314
20.0,1.563075417945811e+31,2991704347.1386833
20.0,1.924336141115976e+31,3683152285.9585595
20.0,2.369092074182632e+31,4534408881.190463
20.0,2.916640776023707e+31,5582409388.882457
20.0,3.590739891061033e+31,6872625606.030735
20.0,4.420637972028511e+31,8461038850.847391
20.0,5.44234354830025e+31,10416568941.676292
20.0,6.700187503509577e+31,12824064565.762882
20.0,8.248746552614582e+31,15787984787.281586
20.0,1.0155211276345609e+32,19436931431.9344
20.0,1.2502301459914586e+32,23929229004.202454
20.0,1.539185522990199e+32,29459794244.82476
20.0,1.8949247718738002e+32,36268593392.41532
20.0,2.3328830978641535e+32,44651054102.16685
20.0,2.8720631177978515e+32,54970883785.40666
20.0,3.535859366535183e+32,67675850546.202286
20.0,4.353073364731865e+32,83317211435.6252
20.0,5.3591632908484485e+32,102573630998.09937
20.0,6.59778247953952e+32,126280627914.00206
20.0,8.12267350047977e+32,155466827401.7727
20.0,1e+33,191398592338.58157
77.0,1000000.0,7.368845805035391e-16
77.0,1231121.7482038895,9.071946329740068e-16
77.0,1515660.7589006044,1.1168670425081476e-15
77.0,1865962.923181746,1.3749993058839384e-15
77.0,2297227.536071151,1.6927915492389689e-15
77.0,2828166.780230035,2.084032491443854e-15
77.0,3481817.6306889663,2.5656977241800653e-15
77.0,4286541.408420925,3.158686267555303e-15
77.0,5277254.352483532,3.888727359740304e-15
77.0,6496942.604146125,4.787496825411788e-15
77.0,7998527.3367967075,5.893991461221531e-15
77.0,9847160.957933763,7.25622107163785e-15
77.0,12123054.013376528,8.93329157106871e-15
77.0,14924955.45051829,1.0997969536189179e-14
77.0,18374437.24610725,1.3539839482086345e-14
77.0,22621169.304690264,1.666919085358622e-14
77.0,27849413.500806443,2.0521803384811355e-14
77.0,34286018.63556583,2.5264838459405452e-14
77.0,42210263.20156903,3.110409209223217e-14
77.0,51965973.02486197,3.829292423288364e-14
77.0,63976439.55748424,4.7143251825426795e-14
77.0,78762786.11187062,5.803908260333575e-14
77.0,96966578.93145521,7.145317683876869e-14
77.0,119377664.17144357,8.796755998446656e-14
77.0,146968438.61124474,1.0829877623330721e-13
77.0,180936041.07387203,1.3332897872469132e-13
77.0,222754295.19995564,1.6414420537378081e-13
77.0,274237657.32649523,2.0208150107730775e-13
77.0,337619944.1111333,2.4878693088596075e-13
77.0,415651255.82259876,3.0628700128260487e-13
77.0,511717300.711461,3.770765884711683e-13
77.0,629986297.838068,4.642271888053824e-13
77.0,775589832.3389002,5.715201882458607e-13
77.0,954845510.2782303,7.036109332870615e-13
77.0,1175531073.8783674,8.662307222437356e-13
77.0,1447221870.7411344,1.0664354811166279e-12
77.0,1781706319.5457325,1.3129119138589616e-12
77.0,2193497398.9050555,1.616354410627756e-12
77.0,2700462352.420682,1.9899290677291144e-12
77.0,3324597932.2709312,2.4498449526643985e-12
77.0,4092984818.452434,3.016057400952676e-12
77.0,5038962625.06515,3.713133860144145e-12
77.0,6203576476.104281,4.5713198492157264e-12
77.0,7637357916.378012,5.6278512843655946e-12
77.0,9402517429.670132,6.92857011183969e-12
77.0,11575643695.53301,8.529913348641279e-12
77.0,14251026703.029963,1.0501361833806967e-11
77.0,17544748908.334595,1.2928454939358064e-11
77.0,21599721947.827213,1.591650204651774e-11
77.0,26591887445.126907,1.9595151824799668e-11
77.0,32737850959.48577,2.4124017570868058e-11
77.0,40304280305.68042,2.969960268554837e-11
77.0,49619476030.028984,3.656382677919332e-11
77.0,61087616075.05039,4.501452234542476e-11
77.0,75206292695.92422,5.54183574444625e-11
77.0,92588102539.73946,6.822674509961456e-11
77.0,113987226661.60526,8.399542970129882e-11
77.0,140332153760.5482,1.034086002549997e-10
77.0,172765966466.90347,1.2730857672525265e-10
77.0,212695938666.86917,1.5673235753934236e-10
77.0,261854595847.4238,1.9295661401395265e-10
77.0,322374887814.90265,2.3755308397236004e-10
77.0,396882735463.71497,2.9245676803127667e-10
77.0,488610967116.0316,3.6004988753272547e-10
77.0,601539588027.4833,4.432652469799037e-10
77.0,740568469226.2441,5.45713485779929e-10
77.0,911729948498.494,6.718397406318261e-10
77.0,1122450568085.306,8.271165159994998e-10
77.0,1381873305653.628,1.0182811311456125e-09
77.0,1701254279852.5857,1.253628046339023e-09
77.0,2094451143151.4688,1.5433687520063278e-09
77.0,2578524352884.2764,1.9000748360932898e-09
77.0,3174477409109.187,2.339223453929385e-09
77.0,3908168177536.264,2.8798688680410908e-09
77.0,4811430839003.245,3.5454691954206974e-09
77.0,5923457145875.794,4.3649042340693755e-09
77.0,7292496916841.444,5.37372853139006e-09
77.0,8977951553033.332,6.615714063938064e-09
77.0,11052951411260.197,8.144749464012471e-09
77.0,13607528864243.33,1.0027178198817745e-08
77.0,16752524724082.104,1.2344677153680407e-08
77.0,20624397525140.883,1.519780051845167e-08
77.0,25391144336803.473,1.8710342743130238e-08
77.0,31259590004822.84,2.30347098674165e-08
77.0,38484361094874.25,2.835853228134313e-08
77.0,47378933909631.44,3.4912805838703666e-08
77.0,58329235942861.88,4.2981914558847735e-08
77.0,71810390925373.42,5.291596979283894e-08
77.0,88407334015250.62,6.514600123926421e-08
77.0,108840191606900.31,8.020265893417555e-08
77.0,133995526965933.7,9.873923767764271e-08
77.0,164964807409802.06,1.2156002290601912e-07
77.0,203091762090473.06,1.496551879117628e-07
77.0,250030685190632.12,1.842437565697114e-07
77.0,307818214256508.0,2.268264956837554e-07
77.0,378961698064470.8,2.792510319051464e-07
77.0,466547988223446.8,3.437920185868047e-07
77.0,574377374882658.8,4.23249830941132e-07
77.0,707128477894298.1,5.21072071795246e-07
77.0,870561247909985.6,6.415031599687872e-07
77.0,1071766885445503.4,7.897684917790943e-07
77.0,1319475521676703.2,9.723011662754259e-07
77.0,1624435010958865.5,1.1970211116056855e-06
77.0,1999877270535287.0,1.4736787235569578e-06
77.0,2462092401494620.5,1.8142779264363146e-06
77.0,3031135501567576.0,2.2335970125220076e-06
77.0,3731696837732755.5,2.749829858839085e-06
77.0,4594173134636467.0,3.385375343077222e-06
77.0,5655986461065002.0,4.16780921069558e-06
77.0,6963207939763890.0,5.1310805616518266e-06
77.0,8572556731909307.0,6.31698487123578e-06
77.0,1.055386103036523e+16,7.776977458053331e-06
77.0,1.2993087842004172e+16,9.574406083900877e-06
77.0,1.599607301861491e+16,1.1787259556026028e-05
77.0,1.9693113379074136e+16,1.4511551591147678e-05
77.0,2.424462017082321e+16,1.7865486764044703e-05
77.0,2.9848079169243212e+16,2.1994589297464206e-05
77.0,3.674661940736688e+16,2.707801722692075e-05
77.0,4.523956232538058e+16,3.333633590630178e-05
77.0,5.5695409058001016e+16,4.104108813967809e-05
77.0,6.8567829366417656e+16,5.052657617871092e-05
77.0,8.441534596012958e+16,6.220436679589122e-05
77.0,1.039255682936711e+17,7.658114879567373e-05
77.0,1.2794502732078734e+17,9.428071778479223e-05
77.0,1.5751590570916115e+17,0.00011607104210113023
77.0,1.939212572065835e+17,0.00014289758426739218
77.0,2.387406771860637e+17,0.0001759243237573834
77.0,2.939188398646878e+17,0.00021658426101577735
77.0,3.6184987596427424e+17,0.0002666415940551919
77.0,4.454812518844988e+17,0.00032826826541710035
77.0,5.484416576121026e+17,0.0004041382008001598
77.0,6.751984523072466e+17,0.0004975433282850642
77.0,8.312514989890666e+17,0.0006125364121254964
77.0,1.0233717986325171e+18,0.0007541068985344746
77.0,1.259895277795026e+18,0.0009283974032563775
77.0,1.5510844769528404e+18,0.0011429702341249452
77.0,1.9095738328780849e+18,0.001407135512780903
77.0,2.350917875457294e+18,0.0017323551324546192
77.0,2.8942661247167396e+18,0.0021327400791774985
77.0,3.563193971228577e+18,0.0026256626947415095
77.0,4.386725591048494e+18,0.003232510446943909
77.0,5.400593278542374e+18,0.00397961391252893
77.0,6.648787838417277e+18,0.004899389237169148
77.0,8.185467307068987e+18,0.006031744642794964
77.0,1.0077306820944577e+19,0.007425812009357198
77.0,1.2406391590588293e+19,0.009142078662793289
77.0,1.5273778503907123e+19,0.011255011865555574
77.0,1.8803880893409165e+19,0.013856289883978327
77.0,2.3149866718511464e+19,0.01705877982558316
77.0,2.8500304385181168e+19,0.0210014348410974
77.0,3.5087344559027003e+19,0.025855323176361748
77.0,4.319679297334165e+19,0.031831050669259085
77.0,5.318051128214197e+19,0.03918789874710491
77.0,6.547168402004689e+19,0.048245074413972515
77.0,8.060361408861361e+19,0.05939556035475719
77.0,9.923286228832505e+19,0.07312316609949787
77.0,1.221677348996788e+20,0.0900235200826174
77.0,1.5040335536380222e+20,0.11082991342358012
77.0,1.851648417912154e+20,0.13644511676732393
77.0,2.279604637318982e+20,0.16798055068847204
77.0,2.8064708463098216e+20,0.20680450922784252
77.0,3.455107294592232e+20,0.2546015289370315
77.0,4.2536577327503743e+20,0.31344547940033946
77.0,5.2367705442046444e+20,0.3858895465659529
77.0,6.44710210732387e+20,0.4750770131818832
77.0,7.937167617217494e+20,0.5848776429999588
77.0,9.771619672696201e+20,0.7200555863354869
77.0,1.2030053494233194e+21,0.8864760922533161
77.0,1.4810460488806708e+21,1.0913599964358571
77.0,1.8233480008684384e+21,1.3435970267319057
77.0,2.2447633784132238e+21,1.6541315204317355
77.0,2.7635770147361627e+21,2.03643728919308
77.0,3.4022997656780506e+21,2.5071022355789596
77.0,4.188645235435288e+21,3.08654808719188
77.0,5.156732244854953e+21,3.799916477019015
77.0,6.34856521630521e+21,4.678159816216425
77.0,7.815856707684091e+21,5.759384291317564
77.0,9.622271173675075e+21,7.090503257304854
77.0,1.1846187309026775e+22,8.729272765778544
77.0,1.4584098829439802e+22,10.746797547953904
77.0,1.7954801246878267e+22,13.230616184830312
77.0,2.210454629971019e+22,16.288499327283002
77.0,2.721338768375309e+22,20.053125767422575
77.0,3.3502993419772367e+22,24.687839251741792
77.0,4.124626382901331e+22,30.39373581898077
77.0,5.077917243205382e+22,37.41838917591086
77.0,6.2515343536896986e+22,46.06659269722097
77.0,7.696399902471151e+22,56.71358413519933
77.0,9.475205302806547e+22,69.82132684743512
77.0,1.1665131316981984e+23,85.95855397032966
77.0,1.4361196859990715e+23,105.82544523703001
77.0,1.7680381784572013e+23,130.2840071446676
77.0,2.1766702531534548e+23,160.39547463895158
77.0,2.6797460873256894e+23,197.4663571414991
77.0,3.299093687770942e+23,243.10512681549645
77.0,4.0615859883769544e+23,299.2920087224204
77.0,5.0003068424910695e+23,368.4649010018008
77.0,6.155986501483489e+23,453.625153073111
77.0,7.578768863625915e+23,558.4677914806266
77.0,9.33038717262036e+23,687.5418437631956
77.0,1.1486842567375547e+24,846.4477166570725
77.0,1.414170170289015e+24,1042.0801926940394
77.0,1.7410156523040083e+24,1282.9275885981347
77.0,2.14340223351485e+24,1579.440055693939
77.0,2.6387891048289296e+24,1944.4830025491751
77.0,3.2486706558783745e+24,2393.895313451093
77.0,3.9995090972036694e+24,2947.1765833130144
77.0,4.923882631706711e+24,3628.3331875138615
77.0,6.061898993497547e+24,4466.919896878266
77.0,7.462935686310113e+24,5499.322232531519
77.0,9.187782428863321e+24,6770.335200850736
77.0,1.1311278765939213e+25,8335.106908397705
77.0,1.392556128874465e+25,10261.531388532923
77.0,1.7144061358519615e+25,12633.194462299662
77.0,2.110642679101546e+25,15553.000451826087
77.0,2.598458104929242e+25,19147.637106068054
77.0,3.1990182847750607e+25,23573.07246799622
77.0,3.938380983288489e+25,29021.322187336536
77.0,4.848626481239088e+25,35728.78090646216
77.0,5.969249509970703e+25,43986.47921075718
77.0,7.348872892180358e+25,54152.71118328153
77.0,9.047357242349274e+25,66668.58046194201
77.0,1.1138398264826183e+26,82077.13932857789
77.0,1.3712724343984009e+26,101046.95125777325
77.0,1.688203316700366e+26,124401.09928314327
77.0,2.0783838185797468e+26,153152.89882794803
77.0,2.5587435201685787e+26,188549.8645475572
77.0,3.1501247957553214e+26,232127.83886539566
77.0,3.878187145610719e+26,285777.63079075725
77.0,4.7745205385661314e+26,351827.05641668354
77.0,5.8780160722748755e+26,433141.9407611332
77.0,7.23655342286962e+26,533250.4633302729
77.0,8.909078300934106e+26,656496.2426457012
77.0,1.0968160052731357e+27,808226.801935262
77.0,1.3503140378698723e+27,995025.5933437808
77.0,1.6624009789266134e+27,1224997.6479850102
77.0,2.0466179993919774e+27,1508121.2459329497
77.0,2.519635929317003e+27,1856680.8647964045
77.0,3.101978590138087e+27,2285800.192124864
77.0,3.818913304781846e+27,2814098.3285735548
77.0,4.7015472240221297e+27,3464497.6538911257
77.0,5.78817703770128e+27,4265218.408306725
77.0,7.125950633568367e+27,5251003.1433059545
77.0,8.77291280161332e+27,6464624.1696109595
77.0,1.0800523745162496e+28,7958739.409172579
77.0,1.32967596746621e+28,9798177.174919756
77.0,1.6369930016117018e+28,12062749.012798682
77.0,2.015337685941735e+28,14850712.652781487
77.0,2.481126055137755e+28,18283035.323165853
77.0,3.0545682465154193e+28,22508642.40952946
77.0,3.76054539965816e+28,27710879.19291617
77.0,4.629689226627258e+28,34115466.03624982
77.0,5.699711094326076e+28,42000292.18733838
77.0,7.017038286703837e+28,51707473.14275029
77.0,8.6388284427404e+28,63658194.73070802
77.0,1.0635449574860068e+29,78370987.98437305
77.0,1.3093533273536067e+29,96484227.73578756
77.0,1.6119733573881556e+29,118783831.12418525
77.0,1.984535457805803e+29,146237357.83196282
77.0,2.443204762186472e+29,180035991.62680274
77.0,3.0078825180430836e+29,221646224.75121066
77.0,3.7030695840051255e+29,272873487.6985032
77.0,4.55892949998105e+29,335940485.2138745
77.0,5.6125972559549656e+29,413583637.44896895
77.0,6.909790545715645e+29,509171810.76469934
77.0,8.5067934163641e+29,626852489.8047729
77.0,1.0472898382363531e+30,771731733.1144143
77.0,1.2893412965257104e+30,950095720.4162372
77.0,1.5873361110102054e+30,1169683504.2798743
77.0,1.9542040079740515e+30,1440022800.6342938
77.0,2.4058630546440668e+30,1772843387.7703562
77.0,2.961910329772535e+30,2182586050.8435335
77.0,3.64647222321273e+30,2687029154.5199203
77.0,4.4892512582185893e+30,3308060030.1873903
77.0,5.526814857144591e+30,4072624647.527719
77.0,6.804181968927094e+30,5013896775.8425865
77.0,8.376776400682925e+30,6172717363.989182
77.0,1.0312831606721785e+31,7599366592.322822
77.0,1.2696351276599676e+31,9355745484.382725
77.0,1.563075417945811e+31,11518061736.48393
77.0,1.924336141115976e+31,14180136300.940453
77.0,2.369092074182632e+31,17457474192.583282
77.0,2.916640776023707e+31,21492276147.19746
77.0,3.590739891061033e+31,26459608583.218327
77.0,4.420637972028511e+31,32574999575.762455
77.0,5.44234354830025e+31,40103790425.45372
77.0,6.700187503509577e+31,49372648578.187096
77.0,8.248746552614582e+31,60783741431.0341
77.0,1.0155211276345609e+32,74832186012.94743
77.0,1.2502301459914586e+32,92127531666.17944
77.0,1.539185522990199e+32,113420207842.57532
77.0,1.8949247718738002e+32,139634084560.79898
77.0,2.3328830978641535e+32,171906558293.34235
77.0,2.8720631177978515e+32,211637902573.81564
77.0,3.535859366535183e+32,260552024602.87878
77.0,4.353073364731865e+32,320771264027.157
77.0,5.3591632908484485e+32,394908479342.6825
77.0,6.59778247953952e+32,486180417468.9079
77.0,8.12267350047977e+32,598547285496.8248
77.0,1e+33,736884580503.5391
150.0,1000000.0,1.4354894425393619e-15
150.0,1231121.7482038895,1.767262272027286e-15
150.0,1515660.7589006044,2.175715017873015e-15
150.0,1865962.923181746,2.6785700763972825e-15
150.0,2297227.536071151,3.2976458751408486e-15
150.0,2828166.780230035,4.0598035547607554e-15
150.0,3481817.6306889663,4.998112449701426e-15
150.0,4286541.408420925,6.153284936796045e-15
150.0,5277254.352483532,7.575442908585007e-15
150.0,6496942.604146125,9.326292517035951e-15
150.0,7998527.3367967075,1.1481801547834153e-14
150.0,9847160.957933763,1.4135495594099707e-14
150.0,12123054.013376528,1.7402516047536447e-14
150.0,14924955.45051829,2.142461597958931e-14
150.0,18374437.24610725,2.6376310679388985e-14
150.0,22621169.304690264,3.247244971477835e-14
150.0,27849413.500806443,3.997753906132082e-14
150.0,34286018.63556583,4.9217217778062573e-14
150.0,42210263.20156903,6.059238719266007e-14
150.0,51965973.02486197,7.459660564847463e-14
150.0,63976439.55748424,9.183750355602624e-14
150.0,78762786.11187062,1.1306314792857616e-13
150.0,96966578.93145521,1.3919450033526367e-13
150.0,119377664.17144357,1.7136537659311668e-13
150.0,146968438.61124474,2.1097164201293616e-13
150.0,180936041.07387203,2.5973177673641165e-13
150.0,222754295.19995564,3.1976143903983277e-13
150.0,274237657.32649523,3.936652618389112e-13
150.0,337619944.1111333,4.846498653622613e-13
150.0,415651255.82259876,5.966629895115681e-13
150.0,511717300.711461,7.345647827360422e-13
150.0,629986297.838068,9.043386794910047e-13
150.0,775589832.3389002,1.1133510160633651e-12
150.0,954845510.2782303,1.3706706492605094e-12
150.0,1175531073.8783674,1.6874624459293551e-12
150.0,1447221870.7411344,2.0774717164609635e-12
150.0,1781706319.5457325,2.5576206114135618e-12
150.0,2193497398.9050555,3.1487423583657585e-12
150.0,2700462352.420682,3.8764851968748985e-12
150.0,3324597932.2709312,4.7724252324631145e-12
150.0,4092984818.452434,5.875436495362356e-12
150.0,5038962625.06515,7.2333776496314525e-12
150.0,6203576476.104281,8.905168537433234e-12
150.0,7637357916.378012,1.0963346657855056e-11
150.0,9402517429.670132,1.3497214503583811e-11
150.0,11575643695.53301,1.6616714315534962e-11
150.0,14251026703.029963,2.045719837754604e-11
150.0,17544748908.334595,2.5185301829918306e-11
150.0,21599721947.827213,3.100617281789171e-11
150.0,26591887445.126907,3.817237368467468e-11
150.0,32737850959.48577,4.6994839423768944e-11
150.0,40304280305.68042,5.7856368867951374e-11
150.0,49619476030.028984,7.122823398544154e-11
150.0,61087616075.05039,8.769062794563266e-11
150.0,75206292695.92422,1.0795783917752435e-10
150.0,92588102539.73946,1.3290924370054789e-10
150.0,113987226661.60526,1.6362746045707562e-10
150.0,140332153760.5482,2.0144532517207734e-10
150.0,172765966466.90347,2.4800372089334937e-10
150.0,212695938666.86917,3.0532277442729033e-10
150.0,261854595847.4238,3.758895078193883e-10
150.0,322374887814.90265,4.6276574799810394e-10
150.0,396882735463.71497,5.697209766843052e-10
150.0,488610967116.0316,7.013958848040108e-10
150.0,601539588027.4833,8.635037278829294e-10
150.0,740568469226.2441,1.0630782190518098e-09
150.0,911729948498.494,1.3087787155165444e-09
150.0,1122450568085.306,1.611265940258766e-09
150.0,1381873305653.628,1.9836645411927515e-09
150.0,1701254279852.5857,2.442132557803292e-09
150.0,2094451143151.4688,3.0065625039084313e-09
150.0,2578524352884.2764,3.701444485896019e-09
150.0,3174477409109.187,4.556928806355945e-09
150.0,3908168177536.264,5.610134158521606e-09
150.0,4811430839003.245,6.906758172897463e-09
150.0,5923457145875.794,8.503060196239044e-09
150.0,7292496916841.444,1.046830233387674e-08
150.0,8977951553033.332,1.2887754670009217e-08
150.0,11052951411260.197,1.5866395059764555e-08
150.0,13607528864243.33,1.9533464023670934e-08
150.0,16752524724082.104,2.40480723772995e-08
150.0,20624397525140.883,2.960610490607468e-08
150.0,25391144336803.473,3.64487196294745e-08
150.0,31259590004822.84,4.487281143003215e-08
150.0,38484361094874.25,5.5243894054564546e-08
150.0,47378933909631.44,6.801195942604611e-08
150.0,58329235942861.88,8.373100238736572e-08
150.0,71810390925373.42,1.0308305803799795e-07
150.0,88407334015250.62,1.269077946219433e-07
150.0,108840191606900.31,1.5623894597566667e-07
150.0,133995526965933.7,1.9234916430709623e-07
150.0,164964807409802.06,2.3680523942730997e-07
150.0,203091762090473.06,2.915360803475899e-07
150.0,250030685190632.12,3.589164089020352e-07
150.0,307818214256508.0,4.4186979678653656e-07
150.0,378961698064470.8,5.439955166983372e-07
150.0,466547988223446.8,6.697247115327365e-07
150.0,574377374882658.8,8.2451265767753e-07
150.0,707128477894298.1,1.0150754645361936e-06
150.0,870561247909985.6,1.2496814804586766e-06
150.0,1071766885445503.4,1.5385100489203138e-06
150.0,1319475521676703.2,1.8940931810560246e-06
150.0,1624435010958865.5,2.3318593083227643e-06
150.0,1999877270535287.0,2.8708027082278398e-06
150.0,2462092401494620.5,3.5343076489019118e-06
150.0,3031135501567576.0,4.351163011406509e-06
150.0,3731696837732755.5,5.356811413322893e-06
150.0,4594173134636467.0,6.5948870319686154e-06
150.0,5655986461065002.0,8.119108852004379e-06
150.0,6963207939763890.0,9.995611483737326e-06
150.0,8572556731909307.0,1.2305814684225546e-05
150.0,1.055386103036523e+16,1.514995608711688e-05
150.0,1.2993087842004172e+16,1.865144042318353e-05
150.0,1.599607301861491e+16,2.2962193940310447e-05
150.0,1.9693113379074136e+16,2.8269256346391583e-05
150.0,2.424462017082321e+16,3.480289629359358e-05
150.0,2.9848079169243212e+16,4.284660252752768e-05
150.0,3.674661940736688e+16,5.274938420828718e-05
150.0,4.523956232538058e+16,6.494091410318529e-05
150.0,5.5695409058001016e+16,7.99501717006716e-05
150.0,6.8567829366417656e+16,9.842839515333297e-05
150.0,8.441534596012958e+16,0.00012117733791407379
150.0,1.039255682936711e+17,0.00014918405609546832
150.0,1.2794502732078734e+17,0.00018366373594440045
150.0,1.5751590570916115e+17,0.00022611241967752645
150.0,1.939212572065835e+17,0.00027837191740401074
150.0,2.387406771860637e+17,0.00034270972160529235
150.0,2.939188398646878e+17,0.00042191739158917667
150.0,3.6184987596427424e+17,0.0005194316767308933
150.0,4.454812518844988e+17,0.0006394836339294163
150.0,5.484416576121026e+17,0.0007872822093509608
150.0,6.751984523072466e+17,0.0009692402499059694
150.0,8.312514989890666e+17,0.0011932527508938242
150.0,1.0233717986325171e+18,0.001469039412729496
150.0,1.259895277795026e+18,0.0018085663699799563
150.0,1.5510844769528404e+18,0.002226565391152491
150.0,1.9095738328780849e+18,0.0027411730768459146
150.0,2.350917875457294e+18,0.0033747177904960117
150.0,2.8942661247167396e+18,0.004154688465930192
150.0,3.563193971228577e+18,0.005114927327418525
150.0,4.386725591048494e+18,0.006297098273267356
150.0,5.400593278542374e+18,0.007752494634796618
150.0,6.648787838417277e+18,0.009544264747732106
150.0,8.185467307068987e+18,0.011750151901548633
150.0,1.0077306820944577e+19,0.01446586755069584
150.0,1.2406391590588293e+19,0.01780924414829862
150.0,1.5273778503907123e+19,0.021925347790043327
150.0,1.8803880893409165e+19,0.026992772501256482
150.0,2.3149866718511464e+19,0.03323138927061655
150.0,2.8500304385181168e+19,0.04091188605408585
150.0,3.5087344559027003e+19,0.05036751268122419
150.0,4.319679297334165e+19,0.06200854026479043
150.0,5.318051128214197e+19,0.07634006249436022
150.0,6.547168402004689e+19,0.09398391119605036
150.0,8.060361408861361e+19,0.11570563705472181
150.0,9.923286228832505e+19,0.142447726167853
150.0,1.221677348996788e+20,0.17537049366743648
150.0,1.5040335536380222e+20,0.215902428747234
150.0,1.851648417912154e+20,0.26580217552076096
150.0,2.279604637318982e+20,0.32723483900351696
150.0,2.8064708463098216e+20,0.40286592706722574
150.0,3.455107294592232e+20,0.49597700442278864
150.0,4.2536577327503743e+20,0.6106080767539082
150.0,5.2367705442046444e+20,0.7517328829206876
150.0,6.44710210732387e+20,0.9254747010036687
150.0,7.937167617217494e+20,1.1393720318181015
150.0,9.771619672696201e+20,1.4027056876665331
150.0,1.2030053494233194e+21,1.726901478415551
150.0,1.4810460488806708e+21,2.1260259670828385
150.0,1.8233480008684384e+21,2.617396805321895
150.0,2.2447633784132238e+21,3.2223341307111735
150.0,2.7635770147361627e+21,3.967085628298208
150.0,3.4022997656780506e+21,4.883965393984987
150.0,4.188645235435288e+21,6.012756014010156
150.0,5.156732244854953e+21,7.402434695491588
150.0,6.34856521630521e+21,9.11329834327875
150.0,7.815856707684091e+21,11.219579788280969
150.0,9.622271173675075e+21,13.812668683061405
150.0,1.1846187309026775e+22,17.00507681645171
150.0,1.4584098829439802e+22,20.935319898611503
150.0,1.7954801246878267e+22,25.773927632786325
150.0,2.210454629971019e+22,31.7308428453565
150.0,2.721338768375309e+22,39.064530715758266
150.0,3.3502993419772367e+22,48.09319334754895
150.0,4.124626382901331e+22,59.208576270741766
150.0,5.077917243205382e+22,72.89296592709908
150.0,6.2515343536896986e+22,89.74011564393696
150.0,7.696399902471151e+22,110.48100805558312
150.0,9.475205302806547e+22,136.01557178071778
150.0,1.1665131316981984e+23,167.45172851362923
150.0,1.4361196859990715e+23,206.15346474746107
150.0,1.7680381784572013e+23,253.80001391818368
150.0,2.1766702531534548e+23,312.45871682912644
150.0,2.6797460873256894e+23,384.674721704219
150.0,3.299093687770942e+23,473.58141587434375
150.0,4.0615859883769544e+23,583.0363806280918
150.0,5.0003068424910695e+23,717.7887681853263
150.0,6.155986501483489e+23,883.6853631294371
150.0,7.578768863625915e+23,1087.924269118104
150.0,9.33038717262036e+23,1339.3672281101215
150.0,1.1486842567375547e+24,1648.9241233579337
150.0,1.414170170289015e+24,2030.026349403973
150.0,1.7410156523040083e+24,2499.2095881781843
150.0,2.14340223351485e+24,3076.8312773258554
150.0,2.6387891048289296e+24,3787.953901069822
150.0,3.2486706558783745e+24,4663.432428800831
150.0,3.9995090972036694e+24,5741.253084376002
150.0,4.923882631706711e+24,7068.181534117913
150.0,6.061898993497547e+24,8701.792006905713
150.0,7.462935686310113e+24,10712.965388048415
150.0,9.187782428863321e+24,13188.964676981954
150.0,1.1311278765939213e+25,16237.221250125402
150.0,1.392556128874465e+25,19989.996211427777
150.0,1.7144061358519615e+25,24610.11908240194
150.0,2.110642679101546e+25,30298.052828232638
150.0,2.598458104929242e+25,37300.59176506764
150.0,3.1990182847750607e+25,45921.56974284978
150.0,3.938380983288489e+25,56535.04322208417
150.0,4.848626481239088e+25,69601.52124635487
150.0,5.969249509970703e+25,85687.94651446203
150.0,7.348872892180358e+25,105492.2945128861
150.0,9.047357242349274e+25,129873.85804274418
150.0,1.1138398264826183e+26,159890.53115956733
150.0,1.3712724343984009e+26,196844.71024241543
150.0,1.688203316700366e+26,242339.80379833106
150.0,2.0783838185797468e+26,298349.8029115871
150.0,2.5587435201685787e+26,367304.9309367998
150.0,3.1501247957553214e+26,452197.0886988228
150.0,3.878187145610719e+26,556709.6703716051
150.0,4.7745205385661314e+26,685377.382629903
150.0,5.8780160722748755e+26,843783.0014827271
150.0,7.23655342286962e+26,1038799.6038901422
150.0,8.909078300934106e+26,1278888.7843747425
150.0,1.0968160052731357e+27,1574467.7959777834
150.0,1.3503140378698723e+27,1938361.5454748978
150.0,1.6624009789266134e+27,2386359.054516254
150.0,2.0466179993919774e+27,2937898.531038214
150.0,2.519635929317003e+27,3616910.775577412
150.0,3.101978590138087e+27,4452857.517126359
150.0,3.818913304781846e+27,5482009.7309874445
150.0,4.7015472240221297e+27,6749021.403684012
150.0,5.78817703770128e+27,8308867.029168946
150.0,7.125950633568367e+27,10229226.902544068
150.0,8.77291280161332e+27,12593423.707034336
150.0,1.0800523745162496e+28,15504037.810076453
150.0,1.32967596746621e+28,19087358.132960565
150.0,1.6369930016117018e+28,23498861.71324419
150.0,2.015337685941735e+28,28929959.71321069
150.0,2.481126055137755e+28,35616302.57759582
150.0,3.0545682465154193e+28,43848004.69388855
150.0,3.76054539965816e+28,53982232.19399255
150.0,4.629689226627258e+28,66458700.07061652
150.0,5.699711094326076e+28,81818751.01429555
150.0,7.017038286703837e+28,100728843.7845785
150.0,8.6388284427404e+28,124009470.25462602
150.0,1.0635449574860068e+29,152670755.81371373
150.0,1.3093533273536067e+29,187956287.79698876
150.0,1.6119733573881556e+29,231397073.6185427
150.0,1.984535457805803e+29,284877969.802525
150.0,2.443204762186472e+29,350719464.2080573
150.0,3.0078825180430836e+29,431778359.90495586
150.0,3.7030695840051255e+29,531571729.28279847
150.0,4.55892949998105e+29,654429516.6504049
150.0,5.6125972559549656e+29,805682410.6148746
150.0,6.909790545715645e+29,991893137.8533105
150.0,8.5067934163641e+29,1221141213.9054017
150.0,1.0472898382363531e+30,1503373506.0670412
150.0,1.2893412965257104e+30,1850835818.99267
150.0,1.5873361110102054e+30,2278604229.1166387
150.0,1.9542040079740515e+30,2805239222.0148582
150.0,2.4058630546440668e+30,3453591015.137058
150.0,2.961910329772535e+30,4251791008.136754
150.0,3.64647222321273e+30,5234472378.93491
150.0,4.4892512582185893e+30,6444272786.079332
150.0,5.526814857144591e+30,7933684378.300752
150.0,6.804181968927094e+30,9767331381.511532
150.0,8.376776400682925e+30,12024774085.693214
150.0,1.0312831606721785e+31,14803960894.135366
150.0,1.2696351276599676e+31,18225478216.329987
150.0,1.563075417945811e+31,22437782603.540123
150.0,1.924336141115976e+31,27623642144.689194
150.0,2.369092074182632e+31,34008066608.92847
150.0,2.916640776023707e+31,41868070416.61843
150.0,3.590739891061033e+31,51544692045.230515
150.0,4.420637972028511e+31,63457791381.35543
150.0,5.44234354830025e+31,78124267062.57219
150.0,6.700187503509577e+31,96180484243.22162
150.0,8.248746552614582e+31,118409885904.6119
150.0,1.0155211276345609e+32,145776985739.508
150.0,1.2502301459914586e+32,179469217531.5184
150.0,1.539185522990199e+32,220948456836.1857
150.0,1.8949247718738002e+32,272014450443.1149
150.0,2.3328830978641535e+32,334882905766.25134
150.0,2.8720631177978515e+32,412281628390.55
150.0,3.535859366535183e+32,507568879096.51715
150.0,4.353073364731865e+32,624879085767.189
150.0,5.3591632908484485e+32,769302232485.7452
150.0,6.59778247953952e+32,947104709355.0154
150.0,8.12267350047977e+32,1166001205513.2952
150.0,1e+33,1435489442539.3618
300.0,1000000.0,2.8709788850787237e-15
300.0,1231121.7482038895,3.534524544054572e-15
300.0,1515660.7589006044,4.35143003574603e-15
300.0,1865962.923181746,5.357140152794565e-15
300.0,2297227.536071151,6.595291750281697e-15
300.0,2828166.780230035,8.119607109521511e-15
300.0,3481817.6306889663,9.996224899402852e-15
300.0,4286541.408420925,1.230656987359209e-14
300.0,5277254.352483532,1.5150885817170014e-14
300.0,6496942.604146125,1.8652585034071903e-14
300.0,7998527.3367967075,2.2963603095668307e-14
300.0,9847160.957933763,2.8270991188199414e-14
300.0,12123054.013376528,3.4805032095072895e-14
300.0,14924955.45051829,4.284923195917862e-14
300.0,18374437.24610725,5.275262135877797e-14
300.0,22621169.304690264,6.49448994295567e-14
300.0,27849413.500806443,7.995507812264164e-14
300.0,34286018.63556583,9.843443555612515e-14
300.0,42210263.20156903,1.2118477438532014e-13
300.0,51965973.02486197,1.4919321129694926e-13
300.0,63976439.55748424,1.8367500711205248e-13
300.0,78762786.11187062,2.261262958571523e-13
300.0,96966578.93145521,2.7838900067052734e-13
300.0,119377664.17144357,3.4273075318623335e-13
300.0,146968438.61124474,4.219432840258723e-13
300.0,180936041.07387203,5.194635534728233e-13
300.0,222754295.19995564,6.395228780796655e-13
300.0,274237657.32649523,7.873305236778224e-13
300.0,337619944.1111333,9.692997307245226e-13
300.0,415651255.82259876,1.1933259790231361e-12
300.0,511717300.711461,1.4691295654720843e-12
300.0,629986297.838068,1.8086773589820094e-12
300.0,775589832.3389002,2.2267020321267302e-12
300.0,954845510.2782303,2.741341298521019e-12
300.0,1175531073.8783674,3.3749248918587102e-12
300.0,1447221870.7411344,4.154943432921927e-12
300.0,1781706319.5457325,5.1152412228271236e-12
300.0,2193497398.9050555,6.297484716731517e-12
300.0,2700462352.420682,7.752970393749797e-12
300.0,3324597932.2709312,9.544850464926229e-12
300.0,4092984818.452434,1.1750872990724712e-11
300.0,5038962625.06515,1.4466755299262905e-11
300.0,6203576476.104281,1.7810337074866468e-11
300.0,7637357916.378012,2.192669331571011e-11
300.0,9402517429.670132,2.6994429007167623e-11
300.0,11575643695.53301,3.3233428631069925e-11
300.0,14251026703.029963,4.091439675509208e-11
300.0,17544748908.334595,5.037060365983661e-11
300.0,21599721947.827213,6.201234563578342e-11
300.0,26591887445.126907,7.634474736934936e-11
300.0,32737850959.48577,9.398967884753789e-11
300.0,40304280305.68042,1.1571273773590275e-10
300.0,49619476030.028984,1.4245646797088308e-10
300.0,61087616075.05039,1.7538125589126532e-10
300.0,75206292695.92422,2.159156783550487e-10
300.0,92588102539.73946,2.6581848740109577e-10
300.0,113987226661.60526,3.2725492091415124e-10
300.0,140332153760.5482,4.028906503441547e-10
300.0,172765966466.90347,4.960074417866987e-10
300.0,212695938666.86917,6.106455488545807e-10
300.0,261854595847.4238,7.517790156387766e-10
300.0,322374887814.90265,9.255314959962079e-10
300.0,396882735463.71497,1.1394419533686105e-09
300.0,488610967116.0316,1.4027917696080215e-09
300.0,601539588027.4833,1.7270074557658588e-09
300.0,740568469226.2441,2.1261564381036197e-09
300.0,911729948498.494,2.6175574310330888e-09
300.0,1122450568085.306,3.222531880517532e-09
300.0,1381873305653.628,3.967329082385503e-09
300.0,1701254279852.5857,4.884265115606584e-09
300.0,2094451143151.4688,6.0131250078168625e-09
300.0,2578524352884.2764,7.402888971792038e-09
300.0,3174477409109.187,9.11385761271189e-09
300.0,3908168177536.264,1.1220268317043211e-08
300.0,4811430839003.245,1.3813516345794926e-08
300.0,5923457145875.794,1.7006120392478088e-08
300.0,7292496916841.444,2.093660466775348e-08
300.0,8977951553033.332,2.5775509340018435e-08
300.0,11052951411260.197,3.173279011952911e-08
300.0,13607528864243.33,3.906692804734187e-08
300.0,16752524724082.104,4.8096144754599e-08
300.0,20624397525140.883,5.921220981214936e-08
300.0,25391144336803.473,7.2897439258949e-08
300.0,31259590004822.84,8.97456228600643e-08
300.0,38484361094874.25,1.1048778810912909e-07
300.0,47378933909631.44,1.3602391885209222e-07
300.0,58329235942861.88,1.6746200477473144e-07
300.0,71810390925373.42,2.061661160759959e-07
300.0,88407334015250.62,2.538155892438866e-07
300.0,108840191606900.31,3.1247789195133333e-07
300.0,133995526965933.7,3.8469832861419245e-07
300.0,164964807409802.06,4.7361047885461993e-07
300.0,203091762090473.06,5.830721606951798e-07
300.0,250030685190632.12,7.178328178040704e-07
300.0,307818214256508.0,8.837395935730731e-07
300.0,378961698064470.8,1.0879910333966744e-06
300.0,466547988223446.8,1.339449423065473e-06
300.0,574377374882658.8,1.64902531535506e-06
300.0,707128477894298.1,2.0301509290723873e-06
300.0,870561247909985.6,2.4993629609173533e-06
300.0,1071766885445503.4,3.0770200978406276e-06
300.0,1319475521676703.2,3.788186362112049e-06
300.0,1624435010958865.5,4.663718616645529e-06
300.0,1999877270535287.0,5.7416054164556795e-06
300.0,2462092401494620.5,7.0686152978038235e-06
300.0,3031135501567576.0,8.702326022813017e-06
300.0,3731696837732755.5,1.0713622826645786e-05
300.0,4594173134636467.0,1.3189774063937231e-05
300.0,5655986461065002.0,1.6238217704008757e-05
300.0,6963207939763890.0,1.9991222967474652e-05
300.0,8572556731909307.0,2.461162936845109e-05
300.0,1.055386103036523e+16,3.029991217423376e-05
300.0,1.2993087842004172e+16,3.730288084636706e-05
300.0,1.599607301861491e+16,4.5924387880620895e-05
300.0,1.9693113379074136e+16,5.6538512692783166e-05
300.0,2.424462017082321e+16,6.960579258718716e-05
300.0,2.9848079169243212e+16,8.569320505505535e-05
300.0,3.674661940736688e+16,0.00010549876841657436
300.0,4.523956232538058e+16,0.00012988182820637058
300.0,5.5695409058001016e+16,0.0001599003434013432
300.0,6.8567829366417656e+16,0.00019685679030666595
300.0,8.441534596012958e+16,0.00024235467582814759
300.0,1.039255682936711e+17,0.00029836811219093664
300.0,1.2794502732078734e+17,0.0003673274718888009
300.0,1.5751590570916115e+17,0.0004522248393550529
300.0,1.939212572065835e+17,0.0005567438348080215
300.0,2.387406771860637e+17,0.0006854194432105847
300.0,2.939188398646878e+17,0.0008438347831783533
300.0,3.6184987596427424e+17,0.0010388633534617866
300.0,4.454812518844988e+17,0.0012789672678588325
300.0,5.484416576121026e+17,0.0015745644187019215
300.0,6.751984523072466e+17,0.0019384804998119388
300.0,8.312514989890666e+17,0.0023865055017876485
300.0,1.0233717986325171e+18,0.002938078825458992
300.0,1.259895277795026e+18,0.0036171327399599127
300.0,1.5510844769528404e+18,0.004453130782304982
300.0,1.9095738328780849e+18,0.005482346153691829
300.0,2.350917875457294e+18,0.006749435580992023
300.0,2.8942661247167396e+18,0.008309376931860384
300.0,3.563193971228577e+18,0.01022985465483705
300.0,4.386725591048494e+18,0.012594196546534712
300.0,5.400593278542374e+18,0.015504989269593235
300.0,6.648787838417277e+18,0.01908852949546421
300.0,8.185467307068987e+18,0.023500303803097266
300.0,1.0077306820944577e+19,0.02893173510139168
300.0,1.2406391590588293e+19,0.03561848829659724
300.0,1.5273778503907123e+19,0.043850695580086654
300.0,1.8803880893409165e+19,0.053985545002512965
300.0,2.3149866718511464e+19,0.0664627785412331
300.0,2.8500304385181168e+19,0.0818237721081717
300.0,3.5087344559027003e+19,0.10073502536244838
300.0,4.319679297334165e+19,0.12401708052958085
300.0,5.318051128214197e+19,0.15268012498872044
300.0,6.547168402004689e+19,0.18796782239210072
300.0,8.060361408861361e+19,0.23141127410944362
300.0,9.923286228832505e+19,0.284895452335706
300.0,1.221677348996788e+20,0.35074098733487297
300.0,1.5040335536380222e+20,0.431804857494468
300.0,1.851648417912154e+20,0.5316043510415219
300.0,2.279604637318982e+20,0.6544696780070339
300.0,2.8064708463098216e+20,0.8057318541344515
300.0,3.455107294592232e+20,0.9919540088455773
300.0,4.2536577327503743e+20,1.2212161535078163
300.0,5.2367705442046444e+20,1.5034657658413753
300.0,6.44710210732387e+20,1.8509494020073374
300.0,7.937167617217494e+20,2.278744063636203
300.0,9.771619672696201e+20,2.8054113753330663
300.0,1.2030053494233194e+21,3.453802956831102
300.0,1.4810460488806708e+21,4.252051934165677
300.0,1.8233480008684384e+21,5.23479361064379
300.0,2.2447633784132238e+21,6.444668261422347
300.0,2.7635770147361627e+21,7.934171256596416
300.0,3.4022997656780506e+21,9.767930787969973
300.0,4.188645235435288e+21,12.025512028020312
300.0,5.156732244854953e+21,14.804869390983177
300.0,6.34856521630521e+21,18.2265966865575
300.0,7.815856707684091e+21,22.439159576561938
300.0,9.622271173675075e+21,27.62533736612281
300.0,1.1846187309026775e+22,34.01015363290342
300.0,1.4584098829439802e+22,41.870639797223006
300.0,1.7954801246878267e+22,51.54785526557265
300.0,2.210454629971019e+22,63.461685690713
300.0,2.721338768375309e+22,78.12906143151653
300.0,3.3502993419772367e+22,96.1863866950979
300.0,4.124626382901331e+22,118.41715254148353
300.0,5.077917243205382e+22,145.78593185419817
300.0,6.2515343536896986e+22,179.48023128787392
300.0,7.696399902471151e+22,220.96201611116624
300.0,9.475205302806547e+22,272.03114356143556
300.0,1.1665131316981984e+23,334.90345702725847
300.0,1.4361196859990715e+23,412.30692949492214
300.0,1.7680381784572013e+23,507.60002783636736
300.0,2.1766702531534548e+23,624.9174336582529
300.0,2.6797460873256894e+23,769.349443408438
300.0,3.299093687770942e+23,947.1628317486875
300.0,4.0615859883769544e+23,1166.0727612561836
300.0,5.0003068424910695e+23,1435.5775363706525
300.0,6.155986501483489e+23,1767.3707262588741
300.0,7.578768863625915e+23,2175.848538236208
300.0,9.33038717262036e+23,2678.734456220243
300.0,1.1486842567375547e+24,3297.8482467158674
300.0,1.414170170289015e+24,4060.052698807946
300.0,1.7410156523040083e+24,4998.419176356369
300.0,2.14340223351485e+24,6153.662554651711
300.0,2.6387891048289296e+24,7575.907802139644
300.0,3.2486706558783745e+24,9326.864857601662
300.0,3.9995090972036694e+24,11482.506168752005
300.0,4.923882631706711e+24,14136.363068235825
300.0,6.061898993497547e+24,17403.584013811425
300.0,7.462935686310113e+24,21425.93077609683
300.0,9.187782428863321e+24,26377.929353963907
300.0,1.1311278765939213e+25,32474.442500250803
300.0,1.392556128874465e+25,39979.992422855554
300.0,1.7144061358519615e+25,49220.23816480388
300.0,2.110642679101546e+25,60596.105656465275
300.0,2.598458104929242e+25,74601.18353013528
300.0,3.1990182847750607e+25,91843.13948569956
300.0,3.938380983288489e+25,113070.08644416834
300.0,4.848626481239088e+25,139203.04249270973
300.0,5.969249509970703e+25,171375.89302892407
300.0,7.348872892180358e+25,210984.5890257722
300.0,9.047357242349274e+25,259747.71608548836
300.0,1.1138398264826183e+26,319781.06231913465
300.0,1.3712724343984009e+26,393689.42048483086
300.0,1.688203316700366e+26,484679.6075966621
300.0,2.0783838185797468e+26,596699.6058231742
300.0,2.5587435201685787e+26,734609.8618735996
300.0,3.1501247957553214e+26,904394.1773976455
300.0,3.878187145610719e+26,1113419.3407432102
300.0,4.7745205385661314e+26,1370754.765259806
300.0,5.8780160722748755e+26,1687566.0029654542
300.0,7.23655342286962e+26,2077599.2077802843
300.0,8.909078300934106e+26,2557777.568749485
300.0,1.0968160052731357e+27,3148935.591955567
300.0,1.3503140378698723e+27,3876723.0909497957
300.0,1.6624009789266134e+27,4772718.109032508
300.0,2.0466179993919774e+27,5875797.062076428
300.0,2.519635929317003e+27,7233821.551154824
300.0,3.101978590138087e+27,8905715.034252718
300.0,3.818913304781846e+27,10964019.461974889
300.0,4.7015472240221297e+27,13498042.807368023
300.0,5.78817703770128e+27,16617734.058337891
300.0,7.125950633568367e+27,20458453.805088136
300.0,8.77291280161332e+27,25186847.414068673
300.0,1.0800523745162496e+28,31008075.620152906
300.0,1.32967596746621e+28,38174716.26592113
300.0,1.6369930016117018e+28,46997723.42648838
300.0,2.015337685941735e+28,57859919.42642138
300.0,2.481126055137755e+28,71232605.15519165
300.0,3.0545682465154193e+28,87696009.3877771
300.0,3.76054539965816e+28,107964464.3879851
300.0,4.629689226627258e+28,132917400.14123304
300.0,5.699711094326076e+28,163637502.0285911
300.0,7.017038286703837e+28,201457687.569157
300.0,8.6388284427404e+28,248018940.50925204
300.0,1.0635449574860068e+29,305341511.62742746
300.0,1.3093533273536067e+29,375912575.5939775
300.0,1.6119733573881556e+29,462794147.2370854
300.0,1.984535457805803e+29,569755939.60505
300.0,2.443204762186472e+29,701438928.4161146
300.0,3.0078825180430836e+29,863556719.8099117
300.0,3.7030695840051255e+29,1063143458.5655969
300.0,4.55892949998105e+29,1308859033.3008099
300.0,5.6125972559549656e+29,1611364821.2297492
300.0,6.909790545715645e+29,1983786275.706621
300.0,8.5067934163641e+29,2442282427.8108034
300.0,1.0472898382363531e+30,3006747012.1340823
300.0,1.2893412965257104e+30,3701671637.98534
300.0,1.5873361110102054e+30,4557208458.233277
300.0,1.9542040079740515e+30,5610478444.0297165
300.0,2.4058630546440668e+30,6907182030.274116
300.0,2.961910329772535e+30,8503582016.273508
300.0,3.64647222321273e+30,10468944757.86982
300.0,4.4892512582185893e+30,12888545572.158665
300.0,5.526814857144591e+30,15867368756.601503
300.0,6.804181968927094e+30,19534662763.023064
300.0,8.376776400682925e+30,24049548171.38643
300.0,1.0312831606721785e+31,29607921788.270733
300.0,1.2696351276599676e+31,36450956432.65997
300.0,1.563075417945811e+31,44875565207.080246
300.0,1.924336141115976e+31,55247284289.37839
300.0,2.369092074182632e+31,68016133217.85694
300.0,2.916640776023707e+31,83736140833.23686
300.0,3.590739891061033e+31,103089384090.46103
300.0,4.420637972028511e+31,126915582762.71086
300.0,5.44234354830025e+31,156248534125.14438
300.0,6.700187503509577e+31,192360968486.44324
300.0,8.248746552614582e+31,236819771809.2238
300.0,1.0155211276345609e+32,291553971479.016
300.0,1.2502301459914586e+32,358938435063.0368
300.0,1.539185522990199e+32,441896913672.3714
300.0,1.8949247718738002e+32,544028900886.2298
300.0,2.3328830978641535e+32,669765811532.5027
300.0,2.8720631177978515e+32,824563256781.1
300.0,3.535859366535183e+32,1015137758193.0343
300.0,4.353073364731865e+32,1249758171534.378
300.0,5.3591632908484485e+32,1538604464971.4905
300.0,6.59778247953952e+32,1894209418710.0308
300.0,8.12267350047977e+32,2332002411026.5903
300.0,1e+33,2870978885078.7236
600.0,1000000.0,5.7419577701574475e-15
600.0,1231121.7482038895,7.069049088109144e-15
600.0,1515660.7589006044,8.70286007149206e-15
600.0,1865962.923181746,1.071428030558913e-14
600.0,2297227.536071151,1.3190583500563394e-14
600.0,2828166.780230035,1.6239214219043022e-14
600.0,3481817.6306889663,1.9992449798805705e-14
600.0,4286541.408420925,2.461313974718418e-14
600.0,5277254.352483532,3.030177163434003e-14
600.0,6496942.604146125,3.7305170068143805e-14
600.0,7998527.3367967075,4.5927206191336614e-14
600.0,9847160.957933763,5.654198237639883e-14
600.0,12123054.013376528,6.961006419014579e-14
600.0,14924955.45051829,8.569846391835724e-14
600.0,18374437.24610725,1.0550524271755594e-13
600.0,22621169.304690264,1.298897988591134e-13
600.0,27849413.500806443,1.5991015624528328e-13
600.0,34286018.63556583,1.968688711122503e-13
600.0,42210263.20156903,2.423695487706403e-13
600.0,51965973.02486197,2.983864225938985e-13
600.0,63976439.55748424,3.6735001422410496e-13
600.0,78762786.11187062,4.522525917143046e-13
600.0,96966578.93145521,5.567780013410547e-13
600.0,119377664.17144357,6.854615063724667e-13
600.0,146968438.61124474,8.438865680517446e-13
600.0,180936041.07387203,1.0389271069456466e-12
600.0,222754295.19995564,1.279045756159331e-12
600.0,274237657.32649523,1.5746610473556448e-12
600.0,337619944.1111333,1.938599461449045e-12
600.0,415651255.82259876,2.3866519580462722e-12
600.0,511717300.711461,2.9382591309441687e-12
600.0,629986297.838068,3.6173547179640187e-12
600.0,775589832.3389002,4.4534040642534604e-12
600.0,954845510.2782303,5.482682597042038e-12
600.0,1175531073.8783674,6.7498497837174204e-12
600.0,1447221870.7411344,8.309886865843854e-12
600.0,1781706319.5457325,1.0230482445654247e-11
600.0,2193497398.9050555,1.2594969433463034e-11
600.0,2700462352.420682,1.5505940787499594e-11
600.0,3324597932.2709312,1.9089700929852458e-11
600.0,4092984818.452434,2.3501745981449424e-11
600.0,5038962625.06515,2.893351059852581e-11
600.0,6203576476.104281,3.5620674149732936e-11
600.0,7637357916.378012,4.385338663142022e-11
600.0,9402517429.670132,5.3988858014335246e-11
600.0,11575643695.53301,6.646685726213985e-11
600.0,14251026703.029963,8.182879351018417e-11
600.0,17544748908.334595,1.0074120731967323e-10
600.0,21599721947.827213,1.2402469127156684e-10
600.0,26591887445.126907,1.5268949473869873e-10
600.0,32737850959.48577,1.8797935769507578e-10
600.0,40304280305.68042,2.314254754718055e-10
600.0,49619476030.028984,2.8491293594176616e-10
600.0,61087616075.05039,3.5076251178253064e-10
600.0,75206292695.92422,4.318313567100974e-10
600.0,92588102539.73946,5.316369748021915e-10
600.0,113987226661.60526,6.545098418283025e-10
600.0,140332153760.5482,8.057813006883094e-10
600.0,172765966466.90347,9.920148835733975e-10
600.0,212695938666.86917,1.2212910977091613e-09
600.0,261854595847.4238,1.5035580312775532e-09
600.0,322374887814.90265,1.8510629919924158e-09
600.0,396882735463.71497,2.278883906737221e-09
600.0,488610967116.0316,2.805583539216043e-09
600.0,601539588027.4833,3.4540149115317175e-09
600.0,740568469226.2441,4.252312876207239e-09
600.0,911729948498.494,5.2351148620661775e-09
600.0,1122450568085.306,6.445063761035064e-09
600.0,1381873305653.628,7.934658164771006e-09
600.0,1701254279852.5857,9.768530231213168e-09
600.0,2094451143151.4688,1.2026250015633725e-08
600.0,2578524352884.2764,1.4805777943584076e-08
600.0,3174477409109.187,1.822771522542378e-08
600.0,3908168177536.264,2.2440536634086422e-08
600.0,4811430839003.245,2.762703269158985e-08
600.0,5923457145875.794,3.4012240784956176e-08
600.0,7292496916841.444,4.187320933550696e-08
600.0,8977951553033.332,5.155101868003687e-08
600.0,11052951411260.197,6.346558023905822e-08
600.0,13607528864243.33,7.813385609468374e-08
600.0,16752524724082.104,9.6192289509198e-08
600.0,20624397525140.883,1.1842441962429873e-07
600.0,25391144336803.473,1.45794878517898e-07
600.0,31259590004822.84,1.794912457201286e-07
600.0,38484361094874.25,2.2097557621825819e-07
600.0,47378933909631.44,2.7204783770418443e-07
600.0,58329235942861.88,3.349240095494629e-07
600.0,71810390925373.42,4.123322321519918e-07
600.0,88407334015250.62,5.076311784877732e-07
600.0,108840191606900.31,6.249557839026667e-07
600.0,133995526965933.7,7.693966572283849e-07
600.0,164964807409802.06,9.472209577092399e-07
600.0,203091762090473.06,1.1661443213903597e-06
600.0,250030685190632.12,1.435665635608141e-06
600.0,307818214256508.0,1.7674791871461462e-06
600.0,378961698064470.8,2.175982066793349e-06
600.0,466547988223446.8,2.678898846130946e-06
600.0,574377374882658.8,3.29805063071012e-06
600.0,707128477894298.1,4.0603018581447745e-06
600.0,870561247909985.6,4.9987259218347065e-06
600.0,1071766885445503.4,6.154040195681255e-06
600.0,1319475521676703.2,7.576372724224098e-06
600.0,1624435010958865.5,9.327437233291057e-06
600.0,1999877270535287.0,1.1483210832911359e-05
600.0,2462092401494620.5,1.4137230595607647e-05
600.0,3031135501567576.0,1.7404652045626034e-05
600.0,3731696837732755.5,2.1427245653291572e-05
600.0,4594173134636467.0,2.6379548127874462e-05
600.0,5655986461065002.0,3.2476435408017514e-05
600.0,6963207939763890.0,3.9982445934949304e-05
600.0,8572556731909307.0,4.922325873690218e-05
600.0,1.055386103036523e+16,6.059982434846752e-05
600.0,1.2993087842004172e+16,7.460576169273412e-05
600.0,1.599607301861491e+16,9.184877576124179e-05
600.0,1.9693113379074136e+16,0.00011307702538556633
600.0,2.424462017082321e+16,0.00013921158517437432
600.0,2.9848079169243212e+16,0.0001713864101101107
600.0,3.674661940736688e+16,0.00021099753683314872
600.0,4.523956232538058e+16,0.00025976365641274115
600.0,5.5695409058001016e+16,0.0003198006868026864
600.0,6.8567829366417656e+16,0.0003937135806133319
600.0,8.441534596012958e+16,0.00048470935165629517
600.0,1.039255682936711e+17,0.0005967362243818733
600.0,1.2794502732078734e+17,0.0007346549437776018
600.0,1.5751590570916115e+17,0.0009044496787101058
600.0,1.939212572065835e+17,0.001113487669616043
600.0,2.387406771860637e+17,0.0013708388864211694
600.0,2.939188398646878e+17,0.0016876695663567067
600.0,3.6184987596427424e+17,0.0020777267069235733
600.0,4.454812518844988e+17,0.002557934535717665
600.0,5.484416576121026e+17,0.003149128837403843
600.0,6.751984523072466e+17,0.0038769609996238776
600.0,8.312514989890666e+17,0.004773011003575297
600.0,1.0233717986325171e+18,0.005876157650917984
600.0,1.259895277795026e+18,0.007234265479919825
600.0,1.5510844769528404e+18,0.008906261564609963
600.0,1.9095738328780849e+18,0.010964692307383658
600.0,2.350917875457294e+18,0.013498871161984047
600.0,2.8942661247167396e+18,0.01661875386372077
600.0,3.563193971228577e+18,0.0204597093096741
600.0,4.386725591048494e+18,0.025188393093069424
600.0,5.400593278542374e+18,0.03100997853918647
600.0,6.648787838417277e+18,0.03817705899092842
600.0,8.185467307068987e+18,0.04700060760619453
600.0,1.0077306820944577e+19,0.05786347020278336
600.0,1.2406391590588293e+19,0.07123697659319447
600.0,1.5273778503907123e+19,0.08770139116017331
600.0,1.8803880893409165e+19,0.10797109000502593
600.0,2.3149866718511464e+19,0.1329255570824662
600.0,2.8500304385181168e+19,0.1636475442163434
600.0,3.5087344559027003e+19,0.20147005072489677
600.0,4.319679297334165e+19,0.2480341610591617
600.0,5.318051128214197e+19,0.3053602499774409
600.0,6.547168402004689e+19,0.37593564478420144
600.0,8.060361408861361e+19,0.46282254821888724
600.0,9.923286228832505e+19,0.569790904671412
600.0,1.221677348996788e+20,0.7014819746697459
600.0,1.5040335536380222e+20,0.863609714988936
600.0,1.851648417912154e+20,1.0632087020830439
600.0,2.279604637318982e+20,1.3089393560140679
600.0,2.8064708463098216e+20,1.611463708268903
600.0,3.455107294592232e+20,1.9839080176911545
600.0,4.2536577327503743e+20,2.4424323070156326
600.0,5.2367705442046444e+20,3.0069315316827505
600.0,6.44710210732387e+20,3.7018988040146747
600.0,7.937167617217494e+20,4.557488127272406
600.0,9.771619672696201e+20,5.610822750666133
600.0,1.2030053494233194e+21,6.907605913662204
600.0,1.4810460488806708e+21,8.504103868331354
600.0,1.8233480008684384e+21,10.46958722128758
600.0,2.2447633784132238e+21,12.889336522844694
600.0,2.7635770147361627e+21,15.868342513192832
600.0,3.4022997656780506e+21,19.535861575939947
600.0,4.188645235435288e+21,24.051024056040625
600.0,5.156732244854953e+21,29.609738781966353
600.0,6.34856521630521e+21,36.453193373115
600.0,7.815856707684091e+21,44.878319153123876
600.0,9.622271173675075e+21,55.25067473224562
600.0,1.1846187309026775e+22,68.02030726580684
600.0,1.4584098829439802e+22,83.74127959444601
600.0,1.7954801246878267e+22,103.0957105311453
600.0,2.210454629971019e+22,126.923371381426
600.0,2.721338768375309e+22,156.25812286303307
600.0,3.3502993419772367e+22,192.3727733901958
600.0,4.124626382901331e+22,236.83430508296706
600.0,5.077917243205382e+22,291.57186370839634
600.0,6.2515343536896986e+22,358.96046257574784
600.0,7.696399902471151e+22,441.92403222233247
600.0,9.475205302806547e+22,544.0622871228711
600.0,1.1665131316981984e+23,669.8069140545169
600.0,1.4361196859990715e+23,824.6138589898443
600.0,1.7680381784572013e+23,1015.2000556727347
600.0,2.1766702531534548e+23,1249.8348673165058
600.0,2.6797460873256894e+23,1538.698886816876
600.0,3.299093687770942e+23,1894.325663497375
600.0,4.0615859883769544e+23,2332.1455225123673
600.0,5.0003068424910695e+23,2871.155072741305
600.0,6.155986501483489e+23,3534.7414525177483
600.0,7.578768863625915e+23,4351.697076472416
600.0,9.33038717262036e+23,5357.468912440486
600.0,1.1486842567375547e+24,6595.696493431735
600.0,1.414170170289015e+24,8120.105397615892
600.0,1.7410156523040083e+24,9996.838352712737
600.0,2.14340223351485e+24,12307.325109303421
600.0,2.6387891048289296e+24,15151.815604279289
600.0,3.2486706558783745e+24,18653.729715203324
600.0,3.9995090972036694e+24,22965.01233750401
600.0,4.923882631706711e+24,28272.72613647165
600.0,6.061898993497547e+24,34807.16802762285
600.0,7.462935686310113e+24,42851.86155219366
600.0,9.187782428863321e+24,52755.858707927815
600.0,1.1311278765939213e+25,64948.88500050161
600.0,1.392556128874465e+25,79959.98484571111
600.0,1.7144061358519615e+25,98440.47632960776
600.0,2.110642679101546e+25,121192.21131293055
600.0,2.598458104929242e+25,149202.36706027057
600.0,3.1990182847750607e+25,183686.27897139912
600.0,3.938380983288489e+25,226140.17288833667
600.0,4.848626481239088e+25,278406.08498541947
600.0,5.969249509970703e+25,342751.78605784813
600.0,7.348872892180358e+25,421969.1780515444
600.0,9.047357242349274e+25,519495.4321709767
600.0,1.1138398264826183e+26,639562.1246382693
600.0,1.3712724343984009e+26,787378.8409696617
600.0,1.688203316700366e+26,969359.2151933243
600.0,2.0783838185797468e+26,1193399.2116463485
600.0,2.5587435201685787e+26,1469219.7237471992
600.0,3.1501247957553214e+26,1808788.354795291
600.0,3.878187145610719e+26,2226838.6814864203
600.0,4.7745205385661314e+26,2741509.530519612
600.0,5.8780160722748755e+26,3375132.0059309085
600.0,7.23655342286962e+26,4155198.4155605687
600.0,8.909078300934106e+26,5115555.13749897
600.0,1.0968160052731357e+27,6297871.183911134
600.0,1.3503140378698723e+27,7753446.181899591
600.0,1.6624009789266134e+27,9545436.218065016
600.0,2.0466179993919774e+27,11751594.124152856
600.0,2.519635929317003e+27,14467643.102309648
600.0,3.101978590138087e+27,17811430.068505436
600.0,3.818913304781846e+27,21928038.923949778
600.0,4.7015472240221297e+27,26996085.614736047
600.0,5.78817703770128e+27,33235468.116675783
600.0,7.125950633568367e+27,40916907.61017627
600.0,8.77291280161332e+27,50373694.828137346
600.0,1.0800523745162496e+28,62016151.24030581
600.0,1.32967596746621e+28,76349432.53184226
600.0,1.6369930016117018e+28,93995446.85297675
600.0,2.015337685941735e+28,115719838.85284276
600.0,2.481126055137755e+28,142465210.3103833
600.0,3.0545682465154193e+28,175392018.7755542
600.0,3.76054539965816e+28,215928928.7759702
600.0,4.629689226627258e+28,265834800.28246608
600.0,5.699711094326076e+28,327275004.0571822
600.0,7.017038286703837e+28,402915375.138314
600.0,8.6388284427404e+28,496037881.0185041
600.0,1.0635449574860068e+29,610683023.2548549
600.0,1.3093533273536067e+29,751825151.187955
600.0,1.6119733573881556e+29,925588294.4741708
600.0,1.984535457805803e+29,1139511879.2101
600.0,2.443204762186472e+29,1402877856.8322291
600.0,3.0078825180430836e+29,1727113439.6198235
600.0,3.7030695840051255e+29,2126286917.1311939
600.0,4.55892949998105e+29,2617718066.6016197
600.0,5.6125972559549656e+29,3222729642.4594984
600.0,6.909790545715645e+29,3967572551.413242
600.0,8.5067934163641e+29,4884564855.621607
600.0,1.0472898382363531e+30,6013494024.268165
600.0,1.2893412965257104e+30,7403343275.97068
600.0,1.5873361110102054e+30,9114416916.466555
600.0,1.9542040079740515e+30,11220956888.059433
600.0,2.4058630546440668e+30,13814364060.548231
600.0,2.961910329772535e+30,17007164032.547016
600.0,3.64647222321273e+30,20937889515.73964
600.0,4.4892512582185893e+30,25777091144.31733
600.0,5.526814857144591e+30,31734737513.203007
600.0,6.804181968927094e+30,39069325526.04613
600.0,8.376776400682925e+30,48099096342.77286
600.0,1.0312831606721785e+31,59215843576.541466
600.0,1.2696351276599676e+31,72901912865.31995
600.0,1.563075417945811e+31,89751130414.16049
600.0,1.924336141115976e+31,110494568578.75677
600.0,2.369092074182632e+31,136032266435.71388
600.0,2.916640776023707e+31,167472281666.47372
600.0,3.590739891061033e+31,206178768180.92206
600.0,4.420637972028511e+31,253831165525.42172
600.0,5.44234354830025e+31,312497068250.28876
600.0,6.700187503509577e+31,384721936972.8865
600.0,8.248746552614582e+31,473639543618.4476
600.0,1.0155211276345609e+32,583107942958.032
600.0,1.2502301459914586e+32,717876870126.0736
600.0,1.539185522990199e+32,883793827344.7428
600.0,1.8949247718738002e+32,1088057801772.4596
600.0,2.3328830978641535e+32,1339531623065.0054
600.0,2.8720631177978515e+32,1649126513562.2
600.0,3.535859366535183e+32,2030275516386.0686
600.0,4.353073364731865e+32,2499516343068.756
600.0,5.3591632908484485e+32,3077208929942.981
600.0,6.59778247953952e+32,3788418837420.0615
600.0,8.12267350047977e+32,4664004822053.181
600.0,1e+33,5741957770157.447
